backend,backend_reuse_latency_total_ms,bypassed_matches,dataset,device,dtype,early_layer_attempts,early_layer_hits,energy_source,engine,fast_exact_path_hits,gpu_energy_j,gpu_joules_per_request,gpu_joules_per_total_token,hit_rate,idle_adjusted_gpu_energy_j,idle_adjusted_joules_per_request,logit_guard_attempts,logit_guard_hits,mean_latency_ms,model,n_requests,p50_latency_ms,p95_latency_ms,p99_latency_ms,policy_bypass_total,policy_exact_total,policy_plans_total,policy_semantic_partial_total,prompt_mode,recompute_tokens_total,reuse_attempts,reuse_successes,reused_prefix_tokens_total,scaffold_bypass_store_successes,scaffold_only_attempts,scaffold_only_hits,seed,semantic_blocked_by_backend_total,semantic_matches_total,semantic_opportunity_estimated_savings_ms,semantic_opportunity_plans_total,semantic_opportunity_reused_tokens_total,semantic_partial_hits,semantic_partial_reused_tokens_total,semantic_quality_divergence_events,semantic_quality_divergence_sum,semantic_queries_total,semantic_scaffold_store_successes,service_throughput_rps,source_json,speedup_vs_no_cache_mean,speedup_vs_no_cache_p95,throughput_rps,wasted_compute_ratio
hf,0.0,0,ag_news,cuda,float16,,,nvml,frequency_speculative,,13401.916,104.70246875,0.184920330049397,0.0,11597.345660036683,90.60426296903658,,,155.38600861816576,google/gemma-4-31B-it,128,155.13866049150238,158.6270977073582,160.20483515807427,,,,,semantic,72474,0,0,0,,,,42,,,,,,,,,,,,6.435585860611988,results_blackwell_semantic_gemma31_all_engines_longprefix_n128_20260714/google_gemma-4-31B-it/semantic/seed_42/ag_news/frequency_speculative/benchmark_hf_google_gemma-4-31B-it_public_dataset_ag_news_semantic_cuda.json,,,4.739789814264382,0.0
hf,17444.009838989587,0,ag_news,cuda,float16,,,nvml,greedy_prefix_cache,,11229.971,87.7341484375,0.15495172061704887,0.9921875,9858.627534206009,77.02052761098444,,,137.8987528514699,google/gemma-4-31B-it,128,136.98991600540467,139.47972635360202,141.85518872458488,,,,,semantic,56218,127,127,16256,,,,42,,,,,,,,,,,,7.25169720046051,results_blackwell_semantic_gemma31_all_engines_longprefix_n128_20260714/google_gemma-4-31B-it/semantic/seed_42/ag_news/greedy_prefix_cache/benchmark_hf_google_gemma-4-31B-it_public_dataset_ag_news_semantic_cuda.json,,,5.2235670606849185,0.0
hf,0.0,57,ag_news,cuda,float16,,,nvml,native_prefix_cache,,13286.815,103.8032421875,0.18333216049893755,1.0,11796.133722300354,92.15729470547151,,,155.32360910094667,google/gemma-4-31B-it,128,154.9319710029522,158.8310209546762,161.04585220484296,,,,,semantic,63514,127,0,8960,,,,42,,,,,,,,,,,,6.438171285023953,results_blackwell_semantic_gemma31_all_engines_longprefix_n128_20260714/google_gemma-4-31B-it/semantic/seed_42/ag_news/native_prefix_cache/benchmark_hf_google_gemma-4-31B-it_public_dataset_ag_news_semantic_cuda.json,,,4.739867045084488,0.0
hf,0.0,0,ag_news,cuda,float16,,,nvml,no_cache,,13183.241,102.9940703125,0.18190304109059802,0.0,11884.902203999147,92.85079846874333,,,154.31939790585147,google/gemma-4-31B-it,128,154.4512269902043,157.4851281598967,158.76397091531544,,,,,semantic,72474,0,0,0,,,,42,,,,,,,,,,,,6.480066754861814,results_blackwell_semantic_gemma31_all_engines_longprefix_n128_20260714/google_gemma-4-31B-it/semantic/seed_42/ag_news/no_cache/benchmark_hf_google_gemma-4-31B-it_public_dataset_ag_news_semantic_cuda.json,1.0,1.0,4.829340601658566,0.0
hf,16492.14553507045,0,ag_news,cuda,float16,,,nvml,reactive_prefix_cache,,11052.455,86.3473046875,0.15250234566879156,0.9921875,9788.50951868006,76.47273061468798,,,130.36678332787233,google/gemma-4-31B-it,128,129.50553549308097,133.1221903048572,141.19347616768212,,,,,semantic,56218,127,127,16256,,,,42,,,,,,,,,,,,7.670665598038122,results_blackwell_semantic_gemma31_all_engines_longprefix_n128_20260714/google_gemma-4-31B-it/semantic/seed_42/ag_news/reactive_prefix_cache/benchmark_hf_google_gemma-4-31B-it_public_dataset_ag_news_semantic_cuda.json,,,5.445838397329986,0.0
hf,0.0,0,ag_news,cuda,float16,,,nvml,shadow_kv,,13392.214,104.626671875,0.18478646135165713,0.0,11807.623618854763,92.24705952230283,,,155.51668974137556,google/gemma-4-31B-it,128,155.27283148549031,159.15871285105823,163.2763906447508,,,,,semantic,72474,0,0,0,,,,42,,,,,,,,,,,,6.430178019240258,results_blackwell_semantic_gemma31_all_engines_longprefix_n128_20260714/google_gemma-4-31B-it/semantic/seed_42/ag_news/shadow_kv/benchmark_hf_google_gemma-4-31B-it_public_dataset_ag_news_semantic_cuda.json,,,4.829308094458105,0.0
hf,17211.741619030363,0,ag_news,cuda,float16,0,0,nvml,shadow_kv_plus,127,11548.929,90.2260078125,0.15935271959599304,0.9921875,10190.228270224387,79.61115836112802,,,135.50579034335897,google/gemma-4-31B-it,128,135.12402400374413,137.5607087429671,145.1233991204936,1,127,128,0,semantic,56218,127,127,16256,1,0,0,42,0,255,0.0,0,0,0,0,0,0.0,128,0,7.379758440330068,results_blackwell_semantic_gemma31_all_engines_longprefix_n128_20260714/google_gemma-4-31B-it/semantic/seed_42/ag_news/shadow_kv_plus/benchmark_hf_google_gemma-4-31B-it_public_dataset_ag_news_semantic_cuda.json,,,5.332387971155992,0.0
hf,17232.348950128653,0,ag_news,cuda,float16,0,0,nvml,shadow_kv_plus_best_latency,127,11597.965,90.6091015625,0.16002932085989457,0.9921875,10267.263788621764,80.21299834860753,,,135.66256085903206,google/gemma-4-31B-it,128,135.38252249418292,138.5659944578947,140.77889629639685,1,127,128,0,semantic,56218,127,127,16256,1,0,0,42,0,255,0.0,0,0,0,0,0,0.0,128,0,7.371230453471295,results_blackwell_semantic_gemma31_all_engines_longprefix_n128_20260714/google_gemma-4-31B-it/semantic/seed_42/ag_news/shadow_kv_plus_best_latency/benchmark_hf_google_gemma-4-31B-it_public_dataset_ag_news_semantic_cuda.json,,,5.332377073485048,0.0
hf,17306.604804995004,0,ag_news,cuda,float16,0,0,nvml,shadow_kv_plus_lite,0,11483.78,89.71703125,0.15845379032480614,0.9921875,10039.200518732248,78.43125405259569,,,136.18072363999545,google/gemma-4-31B-it,128,135.82305599265965,138.90323194427765,141.99995423812652,0,0,0,0,semantic,56218,127,127,16256,1,0,0,42,0,0,0.0,0,0,0,0,0,0.0,0,0,7.343183185335241,results_blackwell_semantic_gemma31_all_engines_longprefix_n128_20260714/google_gemma-4-31B-it/semantic/seed_42/ag_news/shadow_kv_plus_lite/benchmark_hf_google_gemma-4-31B-it_public_dataset_ag_news_semantic_cuda.json,,,5.332401589696462,0.0
hf,17311.71770984656,0,ag_news,cuda,float16,0,0,nvml,shadow_kv_plus_raw_observer,127,11561.349,90.3230390625,0.15952409139829457,0.9921875,10196.536532938251,79.66044166358009,,,136.22340595316018,google/gemma-4-31B-it,128,135.89565999427577,139.00458770003752,144.78945211376413,1,127,128,0,semantic,56218,127,127,16256,1,0,0,42,0,255,0.0,0,0,0,0,0,0.0,128,0,7.340882376291821,results_blackwell_semantic_gemma31_all_engines_longprefix_n128_20260714/google_gemma-4-31B-it/semantic/seed_42/ag_news/shadow_kv_plus_raw_observer/benchmark_hf_google_gemma-4-31B-it_public_dataset_ag_news_semantic_cuda.json,,,5.332323608756472,0.0
hf,17475.72548597236,0,ag_news,cuda,float16,,,nvml,strict_reactive_prefix_cache,,11291.482,88.214703125,0.15580045257609626,0.9921875,9636.277075455522,75.28341465199627,,,138.15911557958316,google/gemma-4-31B-it,128,137.23413000116125,139.3866285936383,142.62371395219816,,,,,semantic,56218,127,127,16256,,,,42,,,,,,,,,,,,7.238031278681533,results_blackwell_semantic_gemma31_all_engines_longprefix_n128_20260714/google_gemma-4-31B-it/semantic/seed_42/ag_news/strict_reactive_prefix_cache/benchmark_hf_google_gemma-4-31B-it_public_dataset_ag_news_semantic_cuda.json,,,5.22344681771487,0.0
hf,0.0,0,alpaca_eval,cuda,float16,,,nvml,frequency_speculative,,13109.821,102.4204765625,0.19096051098292838,0.0,11597.349567928506,90.60429349944145,,,152.99318624238367,google/gemma-4-31B-it,128,152.71786100493046,158.5320307967777,160.77973747989745,,,,,semantic,68652,0,0,0,,,,42,,,,,,,,,,,,6.5362387996529625,results_blackwell_semantic_gemma31_all_engines_longprefix_n128_20260714/google_gemma-4-31B-it/semantic/seed_42/alpaca_eval/frequency_speculative/benchmark_hf_google_gemma-4-31B-it_public_dataset_alpaca_eval_semantic_cuda.json,,,4.829313106372165,0.0
hf,17245.042187874787,0,alpaca_eval,cuda,float16,,,nvml,greedy_prefix_cache,,11073.679,86.5131171875,0.16130162267668824,0.9921875,9415.372654010593,73.55759885945776,,,136.3319041537352,google/gemma-4-31B-it,128,135.29375499638263,139.03437054686947,140.13371857567108,,,,,semantic,52396,127,127,16256,,,,42,,,,,,,,,,,,7.335040218262822,results_blackwell_semantic_gemma31_all_engines_longprefix_n128_20260714/google_gemma-4-31B-it/semantic/seed_42/alpaca_eval/greedy_prefix_cache/benchmark_hf_google_gemma-4-31B-it_public_dataset_alpaca_eval_semantic_cuda.json,,,5.2231547671560365,0.0
hf,0.0,0,alpaca_eval,cuda,float16,,,nvml,native_prefix_cache,,13543.074,105.805265625,0.19727136864184583,1.0,12016.051296203637,93.87540075159092,,,161.11001931994906,google/gemma-4-31B-it,128,160.1455780037213,166.24705649082898,167.48582165368134,,,,,semantic,52396,127,0,16256,,,,42,,,,,,,,,,,,6.206938613880344,results_blackwell_semantic_gemma31_all_engines_longprefix_n128_20260714/google_gemma-4-31B-it/semantic/seed_42/alpaca_eval/native_prefix_cache/benchmark_hf_google_gemma-4-31B-it_public_dataset_alpaca_eval_semantic_cuda.json,,,4.653742522857901,0.0
hf,0.0,0,alpaca_eval,cuda,float16,,,nvml,no_cache,,13146.686,102.708484375,0.19149749461049934,0.0,11604.015698430301,90.65637264398673,,,153.05040235250544,google/gemma-4-31B-it,128,152.5843725030427,158.48315540788462,159.83030868970673,,,,,semantic,68652,0,0,0,,,,42,,,,,,,,,,,,6.533795302914667,results_blackwell_semantic_gemma31_all_engines_longprefix_n128_20260714/google_gemma-4-31B-it/semantic/seed_42/alpaca_eval/no_cache/benchmark_hf_google_gemma-4-31B-it_public_dataset_alpaca_eval_semantic_cuda.json,1.0,1.0,4.82937400321573,0.0
hf,17241.673965065274,0,alpaca_eval,cuda,float16,,,nvml,reactive_prefix_cache,,11103.429,86.7455390625,0.16173496766299597,0.9921875,9455.304931755445,73.86956977933941,,,136.29815669492018,google/gemma-4-31B-it,128,135.21119500364875,138.94967899250332,140.02397015472525,,,,,semantic,52396,127,127,16256,,,,42,,,,,,,,,,,,7.336856376116126,results_blackwell_semantic_gemma31_all_engines_longprefix_n128_20260714/google_gemma-4-31B-it/semantic/seed_42/alpaca_eval/reactive_prefix_cache/benchmark_hf_google_gemma-4-31B-it_public_dataset_alpaca_eval_semantic_cuda.json,,,5.223523981470217,0.0
hf,0.0,0,alpaca_eval,cuda,float16,,,nvml,shadow_kv,,13253.007,103.5391171875,0.1930461894773641,0.0,11776.921229775393,92.00719710762026,,,153.2731484061287,google/gemma-4-31B-it,128,152.53970650519477,158.41045715205837,160.64926451566862,,,,,semantic,68652,0,0,0,,,,42,,,,,,,,,,,,6.524299985998163,results_blackwell_semantic_gemma31_all_engines_longprefix_n128_20260714/google_gemma-4-31B-it/semantic/seed_42/alpaca_eval/shadow_kv/benchmark_hf_google_gemma-4-31B-it_public_dataset_alpaca_eval_semantic_cuda.json,,,4.9221693193536975,0.0
hf,17110.056264020386,0,alpaca_eval,cuda,float16,0,0,nvml,shadow_kv_plus,127,11346.677,88.6459140625,0.1652781710656645,0.9921875,10023.161206386965,78.30594692489817,,,134.60000015606965,google/gemma-4-31B-it,128,134.13724650308723,138.6526437519933,139.5346254002652,1,127,128,0,semantic,52396,127,127,16256,1,0,0,42,0,255,0.0,0,0,0,0,0,0.0,128,0,7.429420496586129,results_blackwell_semantic_gemma31_all_engines_longprefix_n128_20260714/google_gemma-4-31B-it/semantic/seed_42/alpaca_eval/shadow_kv_plus/benchmark_hf_google_gemma-4-31B-it_public_dataset_alpaca_eval_semantic_cuda.json,,,5.332431903719346,0.0
hf,17798.97940106457,0,alpaca_eval,cuda,float16,0,0,nvml,shadow_kv_plus_best_latency,127,11498.815,89.8344921875,0.16749424634387927,0.9921875,10064.196812873395,78.6265376005734,,,140.1140678366346,google/gemma-4-31B-it,128,140.3810695046559,144.80846145233954,145.29486901810742,1,127,128,0,semantic,52396,127,127,16256,1,0,0,42,0,255,0.0,0,0,0,0,0,0.0,128,0,7.137042093203273,results_blackwell_semantic_gemma31_all_engines_longprefix_n128_20260714/google_gemma-4-31B-it/semantic/seed_42/alpaca_eval/shadow_kv_plus_best_latency/benchmark_hf_google_gemma-4-31B-it_public_dataset_alpaca_eval_semantic_cuda.json,,,5.22368212042319,0.0
hf,17077.371615945594,0,alpaca_eval,cuda,float16,0,0,nvml,shadow_kv_plus_lite,0,11340.018,88.593890625,0.1651811746198217,0.9921875,10031.429794704545,78.37054527112926,,,134.39904004849268,google/gemma-4-31B-it,128,134.18984500458464,137.38821279839613,141.6305771304178,0,0,0,0,semantic,52396,127,127,16256,1,0,0,42,0,0,0.0,0,0,0,0,0,0.0,0,0,7.440529334429686,results_blackwell_semantic_gemma31_all_engines_longprefix_n128_20260714/google_gemma-4-31B-it/semantic/seed_42/alpaca_eval/shadow_kv_plus_lite/benchmark_hf_google_gemma-4-31B-it_public_dataset_alpaca_eval_semantic_cuda.json,,,5.445837623693133,0.0
hf,18007.69429898355,0,alpaca_eval,cuda,float16,0,0,nvml,shadow_kv_plus_raw_observer,127,11520.278,90.002171875,0.16780688108139602,0.9921875,10008.733225665681,78.19322832551313,,,141.68394588364208,google/gemma-4-31B-it,128,141.22897000197554,144.73686725905281,146.23965515886084,1,127,128,0,semantic,52396,127,127,16256,1,0,0,42,0,255,0.0,0,0,0,0,0,0.0,128,0,7.057962663047582,results_blackwell_semantic_gemma31_all_engines_longprefix_n128_20260714/google_gemma-4-31B-it/semantic/seed_42/alpaca_eval/shadow_kv_plus_raw_observer/benchmark_hf_google_gemma-4-31B-it_public_dataset_alpaca_eval_semantic_cuda.json,,,5.223073181004763,0.0
hf,16141.214881034102,0,alpaca_eval,cuda,float16,,,nvml,strict_reactive_prefix_cache,,10880.709,85.0055390625,0.15849077958398883,0.9921875,9572.52797304984,74.78537478945188,,,127.62445607836526,google/gemma-4-31B-it,128,126.61616050172597,130.10099655584781,132.2631587376236,,,,,semantic,52396,127,127,16256,,,,42,,,,,,,,,,,,7.835488829711211,results_blackwell_semantic_gemma31_all_engines_longprefix_n128_20260714/google_gemma-4-31B-it/semantic/seed_42/alpaca_eval/strict_reactive_prefix_cache/benchmark_hf_google_gemma-4-31B-it_public_dataset_alpaca_eval_semantic_cuda.json,,,5.564247424195661,0.0
hf,0.0,0,banking77,cuda,float16,,,nvml,frequency_speculative,,13156.49,102.785078125,0.1912864391747481,0.0,11741.06531247485,91.72707275370976,,,152.2346719456209,google/gemma-4-31B-it,128,151.51406800578116,157.19262564962264,159.34072066738736,,,,,semantic,68779,0,0,0,,,,42,,,,,,,,,,,,6.568805826028947,results_blackwell_semantic_gemma31_all_engines_longprefix_n128_20260714/google_gemma-4-31B-it/semantic/seed_42/banking77/frequency_speculative/benchmark_hf_google_gemma-4-31B-it_public_dataset_banking77_semantic_cuda.json,,,4.829329360587777,0.0
hf,17241.413653071504,0,banking77,cuda,float16,,,nvml,greedy_prefix_cache,,11057.957,86.3902890625,0.1607751930094942,0.9921875,9708.388573688346,75.8467857319402,,,136.30486242902862,google/gemma-4-31B-it,128,135.30298649857286,137.5798430010036,138.72345712399692,,,,,semantic,52523,127,127,16256,,,,42,,,,,,,,,,,,7.336495427818514,results_blackwell_semantic_gemma31_all_engines_longprefix_n128_20260714/google_gemma-4-31B-it/semantic/seed_42/banking77/greedy_prefix_cache/benchmark_hf_google_gemma-4-31B-it_public_dataset_banking77_semantic_cuda.json,,,5.223566520300754,0.0
hf,0.0,0,banking77,cuda,float16,,,nvml,native_prefix_cache,,13295.639,103.8721796875,0.19330957123540615,1.0,11480.185779177145,89.68895139982145,,,152.83270497627655,google/gemma-4-31B-it,128,152.3635959965759,158.54215385188581,163.0607852630783,,,,,semantic,52523,127,0,16256,,,,42,,,,,,,,,,,,6.543102146593721,results_blackwell_semantic_gemma31_all_engines_longprefix_n128_20260714/google_gemma-4-31B-it/semantic/seed_42/banking77/native_prefix_cache/benchmark_hf_google_gemma-4-31B-it_public_dataset_banking77_semantic_cuda.json,,,4.829309630993553,0.0
hf,0.0,0,banking77,cuda,float16,,,nvml,no_cache,,13323.8,104.0921875,0.1937190130708501,0.0,11485.404233988182,89.72972057803267,,,154.7797694380506,google/gemma-4-31B-it,128,153.17957649676828,163.30168719723588,164.94758524218923,,,,,semantic,68779,0,0,0,,,,42,,,,,,,,,,,,6.460792670971397,results_blackwell_semantic_gemma31_all_engines_longprefix_n128_20260714/google_gemma-4-31B-it/semantic/seed_42/banking77/no_cache/benchmark_hf_google_gemma-4-31B-it_public_dataset_banking77_semantic_cuda.json,1.0,1.0,4.829379887323519,0.0
hf,16223.700454982463,0,banking77,cuda,float16,,,nvml,reactive_prefix_cache,,10887.419,85.0579609375,0.15829568618328269,0.9921875,9558.166292775639,74.67317416230968,,,128.2624931244527,google/gemma-4-31B-it,128,127.10466000135057,131.45092105332878,134.5908423642686,,,,,semantic,52523,127,127,16256,,,,42,,,,,,,,,,,,7.796511479234254,results_blackwell_semantic_gemma31_all_engines_longprefix_n128_20260714/google_gemma-4-31B-it/semantic/seed_42/banking77/reactive_prefix_cache/benchmark_hf_google_gemma-4-31B-it_public_dataset_banking77_semantic_cuda.json,,,5.445831442040639,0.0
hf,0.0,0,banking77,cuda,float16,,,nvml,shadow_kv,,13183.115,102.9930859375,0.19167354861222174,0.0,11742.55483843537,91.73870967527633,,,152.56587376507014,google/gemma-4-31B-it,128,151.35969900438795,160.09798858867725,162.1589748506085,,,,,semantic,68779,0,0,0,,,,42,,,,,,,,,,,,6.554545753396061,results_blackwell_semantic_gemma31_all_engines_longprefix_n128_20260714/google_gemma-4-31B-it/semantic/seed_42/banking77/shadow_kv/benchmark_hf_google_gemma-4-31B-it_public_dataset_banking77_semantic_cuda.json,,,4.922187390481298,0.0
hf,17161.239230976207,0,banking77,cuda,float16,0,0,nvml,shadow_kv_plus,127,11381.896,88.9210625,0.1654850463077393,0.9921875,9945.864105569932,77.70206332476509,,,135.01954886714884,google/gemma-4-31B-it,128,134.65916949644452,137.59263545944123,141.0276354305097,1,127,128,0,semantic,52523,127,127,16256,1,0,0,42,0,255,0.0,0,0,0,0,0,0.0,128,0,7.406334922537329,results_blackwell_semantic_gemma31_all_engines_longprefix_n128_20260714/google_gemma-4-31B-it/semantic/seed_42/banking77/shadow_kv_plus/benchmark_hf_google_gemma-4-31B-it_public_dataset_banking77_semantic_cuda.json,,,5.3322094204525925,0.0
hf,18163.75698694901,0,banking77,cuda,float16,0,0,nvml,shadow_kv_plus_best_latency,127,11564.273,90.3458828125,0.16813668416231697,0.9921875,9778.3507671797,76.3933653685914,,,142.96337447547103,google/gemma-4-31B-it,128,142.66322500043316,145.04827203563764,148.33845863788156,1,127,128,0,semantic,52523,127,127,16256,1,0,0,42,0,255,0.0,0,0,0,0,0,0.0,128,0,6.9947985186344015,results_blackwell_semantic_gemma31_all_engines_longprefix_n128_20260714/google_gemma-4-31B-it/semantic/seed_42/banking77/shadow_kv_plus_best_latency/benchmark_hf_google_gemma-4-31B-it_public_dataset_banking77_semantic_cuda.json,,,5.119037425007937,0.0
hf,18048.197042997344,0,banking77,cuda,float16,0,0,nvml,shadow_kv_plus_lite,0,11599.608,90.6219375,0.1686504310908853,0.9921875,10103.764512589016,78.93566025460169,,,142.0577543434547,google/gemma-4-31B-it,128,141.81614149129018,143.64571748155868,146.0200727909978,0,0,0,0,semantic,52523,127,127,16256,1,0,0,42,0,0,0.0,0,0,0,0,0,0.0,0,0,7.03939045511228,results_blackwell_semantic_gemma31_all_engines_longprefix_n128_20260714/google_gemma-4-31B-it/semantic/seed_42/banking77/shadow_kv_plus_lite/benchmark_hf_google_gemma-4-31B-it_public_dataset_banking77_semantic_cuda.json,,,5.2236303157776645,0.0
hf,17136.090471001808,0,banking77,cuda,float16,0,0,nvml,shadow_kv_plus_raw_observer,127,11303.637,88.3096640625,0.16434721353901627,0.9921875,9664.179194150187,75.50139995429834,,,134.8314410704461,google/gemma-4-31B-it,128,134.03142749302788,141.38649953820277,145.0117748581397,1,127,128,0,semantic,52523,127,127,16256,1,0,0,42,0,255,0.0,0,0,0,0,0,0.0,128,0,7.416667745007077,results_blackwell_semantic_gemma31_all_engines_longprefix_n128_20260714/google_gemma-4-31B-it/semantic/seed_42/banking77/shadow_kv_plus_raw_observer/benchmark_hf_google_gemma-4-31B-it_public_dataset_banking77_semantic_cuda.json,,,5.332309442159489,0.0
hf,16260.102020882186,0,banking77,cuda,float16,,,nvml,strict_reactive_prefix_cache,,10876.472,84.9724375,0.15813652422977945,0.9921875,9460.497827089475,73.91013927413653,,,128.57299107906783,google/gemma-4-31B-it,128,127.28915848856559,133.20819349755766,134.90652527078055,,,,,semantic,52523,127,127,16256,,,,42,,,,,,,,,,,,7.777683256859409,results_blackwell_semantic_gemma31_all_engines_longprefix_n128_20260714/google_gemma-4-31B-it/semantic/seed_42/banking77/strict_reactive_prefix_cache/benchmark_hf_google_gemma-4-31B-it_public_dataset_banking77_semantic_cuda.json,,,5.445861538814699,0.0
hf,0.0,0,cnn_dailymail,cuda,float16,,,nvml,frequency_speculative,,19484.165,152.2200390625,0.1736928130794466,0.0,17367.407230774228,135.68286899042366,,,229.8495906173912,google/gemma-4-31B-it,128,225.8696005010279,251.0631516946887,254.0234714289545,,,,,semantic,112176,0,0,0,,,,42,,,,,,,,,,,,4.35067122509957,results_blackwell_semantic_gemma31_all_engines_longprefix_n128_20260714/google_gemma-4-31B-it/semantic/seed_42/cnn_dailymail/frequency_speculative/benchmark_hf_google_gemma-4-31B-it_public_dataset_cnn_dailymail_semantic_cuda.json,,,3.5062238520913342,0.0
hf,25728.667557035806,0,cnn_dailymail,cuda,float16,,,nvml,greedy_prefix_cache,,17105.717,133.6384140625,0.1524899889459421,0.9921875,15309.923344046447,119.60877612536287,,,203.06382876412954,google/gemma-4-31B-it,128,198.96172199514695,222.54008410018287,226.17227641516365,,,,,semantic,95920,127,127,16256,,,,42,,,,,,,,,,,,4.924559957753767,results_blackwell_semantic_gemma31_all_engines_longprefix_n128_20260714/google_gemma-4-31B-it/semantic/seed_42/cnn_dailymail/greedy_prefix_cache/benchmark_hf_google_gemma-4-31B-it_public_dataset_cnn_dailymail_semantic_cuda.json,,,3.8781213832017727,0.0
hf,0.0,127,cnn_dailymail,cuda,float16,,,nvml,native_prefix_cache,,19454.117,151.9852890625,0.17342494829553556,0.0,16888.54147958204,131.94173030923469,,,229.83863987542463,google/gemma-4-31B-it,128,226.17669500323245,249.8955492497771,255.1956821563363,,,,,semantic,112176,127,0,0,,,,42,,,,,,,,,,,,4.350878514343855,results_blackwell_semantic_gemma31_all_engines_longprefix_n128_20260714/google_gemma-4-31B-it/semantic/seed_42/cnn_dailymail/native_prefix_cache/benchmark_hf_google_gemma-4-31B-it_public_dataset_cnn_dailymail_semantic_cuda.json,,,3.506235557372515,0.0
hf,0.0,0,cnn_dailymail,cuda,float16,,,nvml,no_cache,,19441.867,151.8895859375,0.17331574490087004,0.0,17358.857187041118,135.61607177375873,,,230.17665063241566,google/gemma-4-31B-it,128,226.34621799807064,251.87693230545847,255.2289419688168,,,,,semantic,112176,0,0,0,,,,42,,,,,,,,,,,,4.344489318323457,results_blackwell_semantic_gemma31_all_engines_longprefix_n128_20260714/google_gemma-4-31B-it/semantic/seed_42/cnn_dailymail/no_cache/benchmark_hf_google_gemma-4-31B-it_public_dataset_cnn_dailymail_semantic_cuda.json,1.0,1.0,3.5062094507685906,0.0
hf,25712.703227909515,0,cnn_dailymail,cuda,float16,,,nvml,reactive_prefix_cache,,17114.689,133.7085078125,0.1525699704036514,0.9921875,15248.453189153866,119.12854054026458,,,202.93989292122205,google/gemma-4-31B-it,128,198.86287400731817,222.99246384354774,226.74042099897633,,,,,semantic,95920,127,127,16256,,,,42,,,,,,,,,,,,4.927567397447005,results_blackwell_semantic_gemma31_all_engines_longprefix_n128_20260714/google_gemma-4-31B-it/semantic/seed_42/cnn_dailymail/reactive_prefix_cache/benchmark_hf_google_gemma-4-31B-it_public_dataset_cnn_dailymail_semantic_cuda.json,,,3.878114095361765,0.0
hf,0.0,0,cnn_dailymail,cuda,float16,,,nvml,shadow_kv,,19526.159,152.5481171875,0.17406717123092283,0.0,17385.039689323617,135.82062257284076,,,230.38718630323274,google/gemma-4-31B-it,128,226.20936099701794,250.9381269395817,255.2979854150908,,,,,semantic,112176,0,0,0,,,,42,,,,,,,,,,,,4.340519175766192,results_blackwell_semantic_gemma31_all_engines_longprefix_n128_20260714/google_gemma-4-31B-it/semantic/seed_42/cnn_dailymail/shadow_kv/benchmark_hf_google_gemma-4-31B-it_public_dataset_cnn_dailymail_semantic_cuda.json,,,3.5549877990199255,0.0
hf,10769.69391592138,0,cnn_dailymail,cuda,float16,0,0,nvml,shadow_kv_plus,127,6699.001,52.3359453125,0.05971866531165312,0.9921875,5714.081148751908,44.64125897462428,,,85.67168832087191,google/gemma-4-31B-it,128,84.4333675049711,86.02155920816585,91.21227517563968,1,127,128,0,semantic,95920,127,127,16256,1,0,0,42,0,255,0.0,0,0,0,0,0,0.0,128,0,11.672467528066367,results_blackwell_semantic_gemma31_all_engines_longprefix_n128_20260714/google_gemma-4-31B-it/semantic/seed_42/cnn_dailymail/shadow_kv_plus/benchmark_hf_google_gemma-4-31B-it_public_dataset_cnn_dailymail_semantic_cuda.json,,,7.312664839560302,0.0
hf,10784.346778964391,0,cnn_dailymail,cuda,float16,0,0,nvml,shadow_kv_plus_best_latency,127,6687.571,52.2466484375,0.059616771858508055,0.9921875,5729.918259969438,44.76498640601123,,,85.7655818050489,google/gemma-4-31B-it,128,84.63857350579929,86.05608930301969,90.05378607776949,1,127,128,0,semantic,95920,127,127,16256,1,0,0,42,0,255,0.0,0,0,0,0,0,0.0,128,0,11.659688874647516,results_blackwell_semantic_gemma31_all_engines_longprefix_n128_20260714/google_gemma-4-31B-it/semantic/seed_42/cnn_dailymail/shadow_kv_plus_best_latency/benchmark_hf_google_gemma-4-31B-it_public_dataset_cnn_dailymail_semantic_cuda.json,,,7.312846233575293,0.0
hf,10702.182795037515,0,cnn_dailymail,cuda,float16,0,0,nvml,shadow_kv_plus_lite,0,6633.518,51.824359375,0.05913491299386678,0.9921875,5719.551983430563,44.683999870551276,,,85.19602793728609,google/gemma-4-31B-it,128,83.9423305078526,85.7381448004162,86.66187645329046,0,0,0,0,semantic,95920,127,127,16256,1,0,0,42,0,0,0.0,0,0,0,0,0,0.0,0,0,11.737636415821088,results_blackwell_semantic_gemma31_all_engines_longprefix_n128_20260714/google_gemma-4-31B-it/semantic/seed_42/cnn_dailymail/shadow_kv_plus_lite/benchmark_hf_google_gemma-4-31B-it_public_dataset_cnn_dailymail_semantic_cuda.json,,,7.312958711069641,0.0
hf,10710.106317012105,0,cnn_dailymail,cuda,float16,0,0,nvml,shadow_kv_plus_raw_observer,127,6650.881,51.9600078125,0.05928969654828128,0.9921875,5654.013154042214,44.1719777659548,,,85.232681577736,google/gemma-4-31B-it,128,83.96450650616316,85.783695588907,88.33459181361833,1,127,128,0,semantic,95920,127,127,16256,1,0,0,42,0,255,0.0,0,0,0,0,0,0.0,128,0,11.732588738135094,results_blackwell_semantic_gemma31_all_engines_longprefix_n128_20260714/google_gemma-4-31B-it/semantic/seed_42/cnn_dailymail/shadow_kv_plus_raw_observer/benchmark_hf_google_gemma-4-31B-it_public_dataset_cnn_dailymail_semantic_cuda.json,,,7.312966194424814,0.0
hf,25746.85275000229,0,cnn_dailymail,cuda,float16,,,nvml,strict_reactive_prefix_cache,,17145.593,133.9499453125,0.15284546605334476,0.9921875,15432.046509346223,120.56286335426736,,,203.1677928046065,google/gemma-4-31B-it,128,199.46449450071668,222.85921535512898,225.82666665664874,,,,,semantic,95920,127,127,16256,,,,42,,,,,,,,,,,,4.922039985745844,results_blackwell_semantic_gemma31_all_engines_longprefix_n128_20260714/google_gemma-4-31B-it/semantic/seed_42/cnn_dailymail/strict_reactive_prefix_cache/benchmark_hf_google_gemma-4-31B-it_public_dataset_cnn_dailymail_semantic_cuda.json,,,3.8778015648964956,0.0
hf,0.0,0,daily_dialog,cuda,float16,,,nvml,frequency_speculative,,13843.638,108.153421875,0.18072870403007874,0.0,12248.278330250087,95.6896744550788,,,160.92391146889895,google/gemma-4-31B-it,128,156.68935349822277,186.73018294284702,189.25016547058476,,,,,semantic,76599,0,0,0,,,,42,,,,,,,,,,,,6.214116913217496,results_blackwell_semantic_gemma31_all_engines_longprefix_n128_20260714/google_gemma-4-31B-it/semantic/seed_42/daily_dialog/frequency_speculative/benchmark_hf_google_gemma-4-31B-it_public_dataset_daily_dialog_semantic_cuda.json,,,4.653692812901102,0.0
hf,17237.475593050476,0,daily_dialog,cuda,float16,,,nvml,greedy_prefix_cache,,11639.942,90.937046875,0.1519594511677698,0.9921875,10280.17137522139,80.3138388689171,,,136.1758765307286,google/gemma-4-31B-it,128,130.94615650334163,160.56962579168612,163.22195026412373,,,,,semantic,60343,127,127,16256,,,,42,,,,,,,,,,,,7.343444562108959,results_blackwell_semantic_gemma31_all_engines_longprefix_n128_20260714/google_gemma-4-31B-it/semantic/seed_42/daily_dialog/greedy_prefix_cache/benchmark_hf_google_gemma-4-31B-it_public_dataset_daily_dialog_semantic_cuda.json,,,5.223514307394728,0.0
hf,0.0,98,daily_dialog,cuda,float16,,,nvml,native_prefix_cache,,13910.147,108.6730234375,0.18159697907283387,1.0,12400.77125199144,96.88102540618313,,,161.22973722735878,google/gemma-4-31B-it,128,156.8650070039439,187.50145470403368,189.62050270783948,,,,,semantic,72887,127,0,3712,,,,42,,,,,,,,,,,,6.202329776112244,results_blackwell_semantic_gemma31_all_engines_longprefix_n128_20260714/google_gemma-4-31B-it/semantic/seed_42/daily_dialog/native_prefix_cache/benchmark_hf_google_gemma-4-31B-it_public_dataset_daily_dialog_semantic_cuda.json,,,4.653686731055328,0.0
hf,0.0,0,daily_dialog,cuda,float16,,,nvml,no_cache,,13842.129,108.1416328125,0.18070900403399523,0.0,12276.237257849243,95.90810357694721,,,160.8503471010181,google/gemma-4-31B-it,128,156.4508654992096,186.78805374365766,189.9212659044133,,,,,semantic,76599,0,0,0,,,,42,,,,,,,,,,,,6.216958918789119,results_blackwell_semantic_gemma31_all_engines_longprefix_n128_20260714/google_gemma-4-31B-it/semantic/seed_42/daily_dialog/no_cache/benchmark_hf_google_gemma-4-31B-it_public_dataset_daily_dialog_semantic_cuda.json,1.0,1.0,4.653754331876848,0.0
hf,17163.32822095137,0,daily_dialog,cuda,float16,,,nvml,reactive_prefix_cache,,11464.135,89.5635546875,0.149664290656536,0.9921875,10097.497494813852,78.88669917823321,,,135.66166000896374,google/gemma-4-31B-it,128,130.33242949313717,160.57699014345417,163.5536521022732,,,,,semantic,60343,127,127,16256,,,,42,,,,,,,,,,,,7.371279401519382,results_blackwell_semantic_gemma31_all_engines_longprefix_n128_20260714/google_gemma-4-31B-it/semantic/seed_42/daily_dialog/reactive_prefix_cache/benchmark_hf_google_gemma-4-31B-it_public_dataset_daily_dialog_semantic_cuda.json,,,5.33231183568779,0.0
hf,0.0,0,daily_dialog,cuda,float16,,,nvml,shadow_kv,,14073.205,109.9469140625,0.18372570137991356,0.0,12519.644800484846,97.80972500378786,,,166.3651040781815,google/gemma-4-31B-it,128,163.55348500655964,196.5727690505446,198.02070953475777,,,,,semantic,76599,0,0,0,,,,42,,,,,,,,,,,,6.0108759318303955,results_blackwell_semantic_gemma31_all_engines_longprefix_n128_20260714/google_gemma-4-31B-it/semantic/seed_42/daily_dialog/shadow_kv/benchmark_hf_google_gemma-4-31B-it_public_dataset_daily_dialog_semantic_cuda.json,,,4.570663945547334,0.0
hf,17417.94034790655,0,daily_dialog,cuda,float16,0,0,nvml,shadow_kv_plus,127,11538.546,90.144890625,0.15063572631496494,0.9921875,9818.550308190775,76.70742428274043,,,137.1078182042993,google/gemma-4-31B-it,128,135.5896599998232,144.20254944852786,144.85718430165434,1,127,128,0,semantic,60343,127,127,16256,1,0,0,42,0,255,0.0,0,0,0,0,0,0.0,128,0,7.29353010715944,results_blackwell_semantic_gemma31_all_engines_longprefix_n128_20260714/google_gemma-4-31B-it/semantic/seed_42/daily_dialog/shadow_kv_plus/benchmark_hf_google_gemma-4-31B-it_public_dataset_daily_dialog_semantic_cuda.json,,,5.332331375381491,0.0
hf,17048.705609995523,0,daily_dialog,cuda,float16,0,0,nvml,shadow_kv_plus_best_latency,127,11431.68,89.31,0.1492405906082325,0.9921875,10024.58166185137,78.31704423321384,,,134.23296163261966,google/gemma-4-31B-it,128,134.08990450261626,135.77304449645453,138.33707799974945,1,127,128,0,semantic,60343,127,127,16256,1,0,0,42,0,255,0.0,0,0,0,0,0,0.0,128,0,7.4497350564080245,results_blackwell_semantic_gemma31_all_engines_longprefix_n128_20260714/google_gemma-4-31B-it/semantic/seed_42/daily_dialog/shadow_kv_plus_best_latency/benchmark_hf_google_gemma-4-31B-it_public_dataset_daily_dialog_semantic_cuda.json,,,5.445893489527794,0.0
hf,17010.339046944864,0,daily_dialog,cuda,float16,0,0,nvml,shadow_kv_plus_lite,0,11422.709,89.2399140625,0.1491234741967911,0.9921875,10065.176992576524,78.63419525450409,,,133.96206719596648,google/gemma-4-31B-it,128,133.50538750819396,135.68737039895495,139.5769572767313,0,0,0,0,semantic,60343,127,127,16256,1,0,0,42,0,0,0.0,0,0,0,0,0,0.0,0,0,7.464799707346629,results_blackwell_semantic_gemma31_all_engines_longprefix_n128_20260714/google_gemma-4-31B-it/semantic/seed_42/daily_dialog/shadow_kv_plus_lite/benchmark_hf_google_gemma-4-31B-it_public_dataset_daily_dialog_semantic_cuda.json,,,5.445786453084097,0.0
hf,17104.264772031456,0,daily_dialog,cuda,float16,0,0,nvml,shadow_kv_plus_raw_observer,127,11485.006,89.726609375,0.1499367615765219,0.9921875,10080.69823451532,78.75545495715093,,,134.62799927322067,google/gemma-4-31B-it,128,133.86163949326146,139.07454624713864,142.82013310235925,1,127,128,0,semantic,60343,127,127,16256,1,0,0,42,0,255,0.0,0,0,0,0,0,0.0,128,0,7.42787537063929,results_blackwell_semantic_gemma31_all_engines_longprefix_n128_20260714/google_gemma-4-31B-it/semantic/seed_42/daily_dialog/shadow_kv_plus_raw_observer/benchmark_hf_google_gemma-4-31B-it_public_dataset_daily_dialog_semantic_cuda.json,,,5.332256432158011,0.0
hf,17437.028508022195,0,daily_dialog,cuda,float16,,,nvml,strict_reactive_prefix_cache,,11671.43,91.183046875,0.15237052703037898,0.9921875,10381.796176228701,81.10778262678673,,,137.8336443142416,google/gemma-4-31B-it,128,132.06082649412565,163.9317029999802,167.30481423379388,,,,,semantic,60343,127,127,16256,,,,42,,,,,,,,,,,,7.255122687753496,results_blackwell_semantic_gemma31_all_engines_longprefix_n128_20260714/google_gemma-4-31B-it/semantic/seed_42/daily_dialog/strict_reactive_prefix_cache/benchmark_hf_google_gemma-4-31B-it_public_dataset_daily_dialog_semantic_cuda.json,,,5.223540948445756,0.0
hf,0.0,0,dolly,cuda,float16,,,nvml,frequency_speculative,,14072.707,109.9430234375,0.18753607409381665,0.0,12627.307491965405,98.65083978097972,,,162.4846119140102,google/gemma-4-31B-it,128,152.65257951250533,193.72834991372656,218.65654836670728,,,,,semantic,75040,0,0,0,,,,42,,,,,,,,,,,,6.154428953119685,results_blackwell_semantic_gemma31_all_engines_longprefix_n128_20260714/google_gemma-4-31B-it/semantic/seed_42/dolly/frequency_speculative/benchmark_hf_google_gemma-4-31B-it_public_dataset_dolly_semantic_cuda.json,,,4.653797511778641,0.0
hf,17448.31122989126,0,dolly,cuda,float16,,,nvml,greedy_prefix_cache,,11696.37,91.377890625,0.15586847014925373,0.9921875,10358.596664715948,80.92653644309334,,,137.8182417734024,google/gemma-4-31B-it,128,127.88251699385,163.78980705558206,211.07664283437782,,,,,semantic,58784,127,127,16256,,,,42,,,,,,,,,,,,7.2559335189036664,results_blackwell_semantic_gemma31_all_engines_longprefix_n128_20260714/google_gemma-4-31B-it/semantic/seed_42/dolly/greedy_prefix_cache/benchmark_hf_google_gemma-4-31B-it_public_dataset_dolly_semantic_cuda.json,,,5.223490138019758,0.0
hf,0.0,42,dolly,cuda,float16,,,nvml,native_prefix_cache,,14073.143,109.9464296875,0.18754188432835822,1.0,12810.424395364575,100.08144058878574,,,162.6592614755964,google/gemma-4-31B-it,128,152.72144101618323,192.9154763558472,223.8935116361245,,,,,semantic,64160,127,0,10880,,,,42,,,,,,,,,,,,6.1478208552547065,results_blackwell_semantic_gemma31_all_engines_longprefix_n128_20260714/google_gemma-4-31B-it/semantic/seed_42/dolly/native_prefix_cache/benchmark_hf_google_gemma-4-31B-it_public_dataset_dolly_semantic_cuda.json,,,4.653755946033164,0.0
hf,0.0,0,dolly,cuda,float16,,,nvml,no_cache,,13923.084,108.77409375,0.1855421641791045,0.0,12436.81852545642,97.16264473012828,,,162.21532210056466,google/gemma-4-31B-it,128,152.34571399196284,192.75692949377117,217.60662484783097,,,,,semantic,75040,0,0,0,,,,42,,,,,,,,,,,,6.16464577483041,results_blackwell_semantic_gemma31_all_engines_longprefix_n128_20260714/google_gemma-4-31B-it/semantic/seed_42/dolly/no_cache/benchmark_hf_google_gemma-4-31B-it_public_dataset_dolly_semantic_cuda.json,1.0,1.0,4.653756048737512,0.0
hf,17775.699693956994,0,dolly,cuda,float16,,,nvml,reactive_prefix_cache,,11780.546,92.035515625,0.1569902185501066,0.9921875,10427.257919762327,81.46295249814318,,,140.37626734409514,google/gemma-4-31B-it,128,130.89215350191807,173.31461004869195,212.19161963817908,,,,,semantic,58784,127,127,16256,,,,42,,,,,,,,,,,,7.1237112862444585,results_blackwell_semantic_gemma31_all_engines_longprefix_n128_20260714/google_gemma-4-31B-it/semantic/seed_42/dolly/reactive_prefix_cache/benchmark_hf_google_gemma-4-31B-it_public_dataset_dolly_semantic_cuda.json,,,5.119071969176937,0.0
hf,0.0,0,dolly,cuda,float16,,,nvml,shadow_kv,,14030.826,109.615828125,0.18697795842217482,0.0,12448.934603255824,97.25730158793613,,,162.69159053877047,google/gemma-4-31B-it,128,152.8860725084087,194.45583750202786,217.18992119291215,,,,,semantic,75040,0,0,0,,,,42,,,,,,,,,,,,6.146599198449003,results_blackwell_semantic_gemma31_all_engines_longprefix_n128_20260714/google_gemma-4-31B-it/semantic/seed_42/dolly/shadow_kv/benchmark_hf_google_gemma-4-31B-it_public_dataset_dolly_semantic_cuda.json,,,4.653767115889447,0.0
hf,17115.182202061987,0,dolly,cuda,float16,0,0,nvml,shadow_kv_plus,127,11338.53,88.582265625,0.15109981343283582,0.9921875,10005.219346022594,78.16577614080151,,,134.75024042179484,google/gemma-4-31B-it,128,133.87444800900994,138.87826225181925,140.54896865956835,1,127,128,0,semantic,58784,127,127,16256,1,0,0,42,0,255,0.0,0,0,0,0,0,0.0,128,0,7.421137037453905,results_blackwell_semantic_gemma31_all_engines_longprefix_n128_20260714/google_gemma-4-31B-it/semantic/seed_42/dolly/shadow_kv_plus/benchmark_hf_google_gemma-4-31B-it_public_dataset_dolly_semantic_cuda.json,,,5.332419439736347,0.0
hf,17096.888841944747,0,dolly,cuda,float16,0,0,nvml,shadow_kv_plus_best_latency,127,11477.822,89.670484375,0.15295605010660981,0.9921875,10140.005857217022,79.21879575950798,,,134.597630436474,google/gemma-4-31B-it,128,133.86443649505964,138.59162736844155,140.0369683986355,1,127,128,0,semantic,58784,127,127,16256,1,0,0,42,0,255,0.0,0,0,0,0,0,0.0,128,0,7.429551298616432,results_blackwell_semantic_gemma31_all_engines_longprefix_n128_20260714/google_gemma-4-31B-it/semantic/seed_42/dolly/shadow_kv_plus_best_latency/benchmark_hf_google_gemma-4-31B-it_public_dataset_dolly_semantic_cuda.json,,,5.4458408597998025,0.0
hf,17093.135243005236,0,dolly,cuda,float16,0,0,nvml,shadow_kv_plus_lite,0,11481.692,89.70071875,0.15300762260127931,0.9921875,10228.826748279043,79.91270897093003,,,134.57370062565133,google/gemma-4-31B-it,128,133.68061750225024,138.41573595345835,139.66221193462843,0,0,0,0,semantic,58784,127,127,16256,1,0,0,42,0,0,0.0,0,0,0,0,0,0.0,0,0,7.430872416756505,results_blackwell_semantic_gemma31_all_engines_longprefix_n128_20260714/google_gemma-4-31B-it/semantic/seed_42/dolly/shadow_kv_plus_lite/benchmark_hf_google_gemma-4-31B-it_public_dataset_dolly_semantic_cuda.json,,,5.4459054351442076,0.0
hf,17069.03576203331,0,dolly,cuda,float16,0,0,nvml,shadow_kv_plus_raw_observer,127,11444.979,89.4138984375,0.15251837686567163,0.9921875,10168.284948818418,79.4397261626439,,,134.38660196129604,google/gemma-4-31B-it,128,133.3150960126659,139.21756334748352,139.95766810883651,1,127,128,0,semantic,58784,127,127,16256,1,0,0,42,0,255,0.0,0,0,0,0,0,0.0,128,0,7.441217989037364,results_blackwell_semantic_gemma31_all_engines_longprefix_n128_20260714/google_gemma-4-31B-it/semantic/seed_42/dolly/shadow_kv_plus_raw_observer/benchmark_hf_google_gemma-4-31B-it_public_dataset_dolly_semantic_cuda.json,,,5.445953063575338,0.0
hf,17661.518070075545,0,dolly,cuda,float16,,,nvml,strict_reactive_prefix_cache,,11781.643,92.0440859375,0.15700483742004265,0.9921875,10416.046876354278,81.3753662215178,,,139.50715785949797,google/gemma-4-31B-it,128,129.41821449931012,169.8788414534647,215.68959426513186,,,,,semantic,58784,127,127,16256,,,,42,,,,,,,,,,,,7.168090980730404,results_blackwell_semantic_gemma31_all_engines_longprefix_n128_20260714/google_gemma-4-31B-it/semantic/seed_42/dolly/strict_reactive_prefix_cache/benchmark_hf_google_gemma-4-31B-it_public_dataset_dolly_semantic_cuda.json,,,5.018594600695354,0.0
hf,0.0,0,oasst1,cuda,float16,,,nvml,frequency_speculative,,14157.392,110.604625,0.18096907875394663,0.0,12697.03210760208,99.19556334064124,,,164.98347550850667,google/gemma-4-31B-it,128,156.54065500712022,193.98472835382563,208.50638192801858,,,,,semantic,78231,0,0,0,,,,42,,,,,,,,,,,,6.061213081600037,results_blackwell_semantic_gemma31_all_engines_longprefix_n128_20260714/google_gemma-4-31B-it/semantic/seed_42/oasst1/frequency_speculative/benchmark_hf_google_gemma-4-31B-it_public_dataset_oasst1_semantic_cuda.json,,,4.5706167060052145,0.0
hf,17612.760337113286,0,oasst1,cuda,float16,,,nvml,greedy_prefix_cache,,11832.785,92.4436328125,0.15125442599481023,0.9921875,10468.574599302787,81.78573905705302,,,139.18555259442655,google/gemma-4-31B-it,128,130.79948400263675,163.93378045468125,185.43676886620233,,,,,semantic,61975,127,127,16256,,,,42,,,,,,,,,,,,7.184653732804473,results_blackwell_semantic_gemma31_all_engines_longprefix_n128_20260714/google_gemma-4-31B-it/semantic/seed_42/oasst1/greedy_prefix_cache/benchmark_hf_google_gemma-4-31B-it_public_dataset_oasst1_semantic_cuda.json,,,5.119064378776708,0.0
hf,0.0,87,oasst1,cuda,float16,,,nvml,native_prefix_cache,,14145.301,110.5101640625,0.18081452365430584,1.0,12572.05509121953,98.21918040015258,,,165.02166616442082,google/gemma-4-31B-it,128,156.77328251331346,194.44498149023275,210.00497601358808,,,,,semantic,73111,127,0,5120,,,,42,,,,,,,,,,,,6.059810346379857,results_blackwell_semantic_gemma31_all_engines_longprefix_n128_20260714/google_gemma-4-31B-it/semantic/seed_42/oasst1/native_prefix_cache/benchmark_hf_google_gemma-4-31B-it_public_dataset_oasst1_semantic_cuda.json,,,4.570657545736454,0.0
hf,0.0,0,oasst1,cuda,float16,,,nvml,no_cache,,14176.419,110.7532734375,0.18121229435901368,0.0,12603.555300964284,98.46527578878347,,,165.1260460935191,google/gemma-4-31B-it,128,157.34905849967618,194.91245859971968,209.87721097568289,,,,,semantic,78231,0,0,0,,,,42,,,,,,,,,,,,6.05597980244528,results_blackwell_semantic_gemma31_all_engines_longprefix_n128_20260714/google_gemma-4-31B-it/semantic/seed_42/oasst1/no_cache/benchmark_hf_google_gemma-4-31B-it_public_dataset_oasst1_semantic_cuda.json,1.0,1.0,4.570605485691008,0.0
hf,17599.992965944693,0,oasst1,cuda,float16,,,nvml,reactive_prefix_cache,,11816.447,92.3159921875,0.15104558295304932,0.9921875,10467.738165647046,81.77920441911755,,,139.06748895362853,google/gemma-4-31B-it,128,130.61488850507885,164.23921820169198,186.93780631918344,,,,,semantic,61975,127,127,16256,,,,42,,,,,,,,,,,,7.1907532632119775,results_blackwell_semantic_gemma31_all_engines_longprefix_n128_20260714/google_gemma-4-31B-it/semantic/seed_42/oasst1/reactive_prefix_cache/benchmark_hf_google_gemma-4-31B-it_public_dataset_oasst1_semantic_cuda.json,,,5.223544724489869,0.0
hf,0.0,0,oasst1,cuda,float16,,,nvml,shadow_kv,,14248.013,111.3126015625,0.18212745586787848,0.0,12738.861992034346,99.52235931276833,,,165.17926878964317,google/gemma-4-31B-it,128,157.15521700622048,193.54925081061083,209.50405194947967,,,,,semantic,78231,0,0,0,,,,42,,,,,,,,,,,,6.054028494783484,results_blackwell_semantic_gemma31_all_engines_longprefix_n128_20260714/google_gemma-4-31B-it/semantic/seed_42/oasst1/shadow_kv/benchmark_hf_google_gemma-4-31B-it_public_dataset_oasst1_semantic_cuda.json,,,4.6537833066533825,0.0
hf,17138.139130998752,0,oasst1,cuda,float16,0,0,nvml,shadow_kv_plus,127,11518.794,89.990578125,0.14724078690033363,0.9921875,10217.00096966564,79.82032007551281,,,134.9383197878069,google/gemma-4-31B-it,128,134.63193300412968,136.74427999794716,137.48689248313894,1,127,128,0,semantic,61975,127,127,16256,1,0,0,42,0,255,0.0,0,0,0,0,0,0.0,128,0,7.410793328185197,results_blackwell_semantic_gemma31_all_engines_longprefix_n128_20260714/google_gemma-4-31B-it/semantic/seed_42/oasst1/shadow_kv_plus/benchmark_hf_google_gemma-4-31B-it_public_dataset_oasst1_semantic_cuda.json,,,5.33236709797342,0.0
hf,17142.18732000154,0,oasst1,cuda,float16,0,0,nvml,shadow_kv_plus_best_latency,127,11500.864,89.8505,0.14701159386943793,0.9921875,10187.827455009103,79.59240199225862,,,134.97748818770106,google/gemma-4-31B-it,128,134.55159599834587,136.89448495133547,140.95032488810833,1,127,128,0,semantic,61975,127,127,16256,1,0,0,42,0,255,0.0,0,0,0,0,0,0.0,128,0,7.408642829457531,results_blackwell_semantic_gemma31_all_engines_longprefix_n128_20260714/google_gemma-4-31B-it/semantic/seed_42/oasst1/shadow_kv_plus_best_latency/benchmark_hf_google_gemma-4-31B-it_public_dataset_oasst1_semantic_cuda.json,,,5.3324400371999845,0.0
hf,17152.861127033248,0,oasst1,cuda,float16,0,0,nvml,shadow_kv_plus_lite,0,11499.103,89.8367421875,0.1469890836113561,0.9921875,10091.484281165107,78.8397209466024,,,135.0188705466735,google/gemma-4-31B-it,128,134.70334349403856,136.97964334714925,139.45064909217763,0,0,0,0,semantic,61975,127,127,16256,1,0,0,42,0,0,0.0,0,0,0,0,0,0.0,0,0,7.406372131177906,results_blackwell_semantic_gemma31_all_engines_longprefix_n128_20260714/google_gemma-4-31B-it/semantic/seed_42/oasst1/shadow_kv_plus_lite/benchmark_hf_google_gemma-4-31B-it_public_dataset_oasst1_semantic_cuda.json,,,5.332357981737147,0.0
hf,17164.022416167427,0,oasst1,cuda,float16,0,0,nvml,shadow_kv_plus_raw_observer,127,11490.886,89.772546875,0.14688404852296405,0.9921875,10188.611278943941,79.59852561674954,,,135.1450390551463,google/gemma-4-31B-it,128,134.80768950103084,137.2810709552141,138.04101509653265,1,127,128,0,semantic,61975,127,127,16256,1,0,0,42,0,255,0.0,0,0,0,0,0,0.0,128,0,7.399457701084739,results_blackwell_semantic_gemma31_all_engines_longprefix_n128_20260714/google_gemma-4-31B-it/semantic/seed_42/oasst1/shadow_kv_plus_raw_observer/benchmark_hf_google_gemma-4-31B-it_public_dataset_oasst1_semantic_cuda.json,,,5.33238087390297,0.0
hf,17577.72426311567,0,oasst1,cuda,float16,,,nvml,strict_reactive_prefix_cache,,11800.654,92.192609375,0.15084370645907633,0.9921875,10402.462604129998,81.26923909476561,,,138.88631839154186,google/gemma-4-31B-it,128,129.86280900076963,163.82020814635325,186.90551368694287,,,,,semantic,61975,127,127,16256,,,,42,,,,,,,,,,,,7.200133257048735,results_blackwell_semantic_gemma31_all_engines_longprefix_n128_20260714/google_gemma-4-31B-it/semantic/seed_42/oasst1/strict_reactive_prefix_cache/benchmark_hf_google_gemma-4-31B-it_public_dataset_oasst1_semantic_cuda.json,,,5.223578561187285,0.0
hf,0.0,0,samsum,cuda,float16,,,nvml,frequency_speculative,,15187.105,118.6492578125,0.18002945743785487,0.0,13507.369815614993,105.52632668449213,,,176.75622003923763,google/gemma-4-31B-it,128,179.75018749712035,221.46994974609697,226.46090443362482,,,,,semantic,84359,0,0,0,,,,42,,,,,,,,,,,,5.6575095336278,results_blackwell_semantic_gemma31_all_engines_longprefix_n128_20260714/google_gemma-4-31B-it/semantic/seed_42/samsum/frequency_speculative/benchmark_hf_google_gemma-4-31B-it_public_dataset_samsum_semantic_cuda.json,,,4.3382373944564625,0.0
hf,19023.119249075535,0,samsum,cuda,float16,,,nvml,greedy_prefix_cache,,12881.231,100.6346171875,0.1526953970530708,0.9921875,11365.433680306482,88.79245062739439,,,150.34152804616951,google/gemma-4-31B-it,128,153.18404999561608,192.87554729889962,201.04409385268812,,,,,semantic,68103,127,127,16256,,,,42,,,,,,,,,,,,6.651522124298899,results_blackwell_semantic_gemma31_all_engines_longprefix_n128_20260714/google_gemma-4-31B-it/semantic/seed_42/samsum/greedy_prefix_cache/benchmark_hf_google_gemma-4-31B-it_public_dataset_samsum_semantic_cuda.json,,,4.922158838412018,0.0
hf,0.0,122,samsum,cuda,float16,,,nvml,native_prefix_cache,,15175.128,118.5556875,0.17988748088526418,1.0,13587.007301930355,106.1484945463309,,,176.85160266455568,google/gemma-4-31B-it,128,180.33353849023115,221.52949455266935,225.05271585134324,,,,,semantic,83719,127,0,640,,,,42,,,,,,,,,,,,5.654458229008848,results_blackwell_semantic_gemma31_all_engines_longprefix_n128_20260714/google_gemma-4-31B-it/semantic/seed_42/samsum/native_prefix_cache/benchmark_hf_google_gemma-4-31B-it_public_dataset_samsum_semantic_cuda.json,,,4.338253954033638,0.0
hf,0.0,0,samsum,cuda,float16,,,nvml,no_cache,,15114.17,118.079453125,0.17916487867328915,0.0,13478.361426771768,105.29969864665443,,,176.55744169599075,google/gemma-4-31B-it,128,179.75394050154136,220.8662817494769,224.89139789438923,,,,,semantic,84359,0,0,0,,,,42,,,,,,,,,,,,5.663879077506524,results_blackwell_semantic_gemma31_all_engines_longprefix_n128_20260714/google_gemma-4-31B-it/semantic/seed_42/samsum/no_cache/benchmark_hf_google_gemma-4-31B-it_public_dataset_samsum_semantic_cuda.json,1.0,1.0,4.338232794954854,0.0
hf,19023.849631965277,0,samsum,cuda,float16,,,nvml,reactive_prefix_cache,,12872.995,100.5702734375,0.1525977666876089,0.9921875,11407.609796272223,89.12195153337674,,,150.33501903963042,google/gemma-4-31B-it,128,152.8471175042796,193.07857869862346,196.52397780111642,,,,,semantic,68103,127,127,16256,,,,42,,,,,,,,,,,,6.651810113094049,results_blackwell_semantic_gemma31_all_engines_longprefix_n128_20260714/google_gemma-4-31B-it/semantic/seed_42/samsum/reactive_prefix_cache/benchmark_hf_google_gemma-4-31B-it_public_dataset_samsum_semantic_cuda.json,,,4.922220120742005,0.0
hf,0.0,0,samsum,cuda,float16,,,nvml,shadow_kv,,15180.993,118.6015078125,0.1799570051802416,0.0,13535.901654694018,105.74923167729702,,,177.0665108524554,google/gemma-4-31B-it,128,180.76570951234316,222.72706755029503,225.44924897811143,,,,,semantic,84359,0,0,0,,,,42,,,,,,,,,,,,5.647595331187569,results_blackwell_semantic_gemma31_all_engines_longprefix_n128_20260714/google_gemma-4-31B-it/semantic/seed_42/samsum/shadow_kv/benchmark_hf_google_gemma-4-31B-it_public_dataset_samsum_semantic_cuda.json,,,4.413088508671866,0.0
hf,15457.371860873536,0,samsum,cuda,float16,0,0,nvml,shadow_kv_plus,127,9902.299,77.3617109375,0.11738284000521582,0.9921875,8632.65173711707,67.44259169622711,,,121.98322789959093,google/gemma-4-31B-it,128,121.31087498710258,123.56725334611838,124.23913771868683,1,127,128,0,semantic,68103,127,127,16256,1,0,0,42,0,255,0.0,0,0,0,0,0,0.0,128,0,8.19784832078012,results_blackwell_semantic_gemma31_all_engines_longprefix_n128_20260714/google_gemma-4-31B-it/semantic/seed_42/samsum/shadow_kv_plus/benchmark_hf_google_gemma-4-31B-it_public_dataset_samsum_semantic_cuda.json,,,5.81719855138736,0.0
hf,15433.563052094541,0,samsum,cuda,float16,0,0,nvml,shadow_kv_plus_best_latency,127,9774.828,76.36584375,0.11587178605720788,0.9921875,8596.844558190583,67.16284811086393,,,121.80487249258931,google/gemma-4-31B-it,128,120.97060750966193,123.3962774509564,124.89824142336147,1,127,128,0,semantic,68103,127,127,16256,1,0,0,42,0,255,0.0,0,0,0,0,0,0.0,128,0,8.209852196683189,results_blackwell_semantic_gemma31_all_engines_longprefix_n128_20260714/google_gemma-4-31B-it/semantic/seed_42/samsum/shadow_kv_plus_best_latency/benchmark_hf_google_gemma-4-31B-it_public_dataset_samsum_semantic_cuda.json,,,5.817226015420461,0.0
hf,15436.15789890464,0,samsum,cuda,float16,0,0,nvml,shadow_kv_plus_lite,0,9812.698,76.661703125,0.11632070081437666,0.9921875,8602.347831324721,67.20584243222439,,,121.82973160952315,google/gemma-4-31B-it,128,121.03967449365882,123.25328585138777,124.66930474431138,0,0,0,0,semantic,68103,127,127,16256,1,0,0,42,0,0,0.0,0,0,0,0,0,0.0,0,0,8.208176992502151,results_blackwell_semantic_gemma31_all_engines_longprefix_n128_20260714/google_gemma-4-31B-it/semantic/seed_42/samsum/shadow_kv_plus_lite/benchmark_hf_google_gemma-4-31B-it_public_dataset_samsum_semantic_cuda.json,,,5.817092267545719,0.0
hf,15428.522018963122,0,samsum,cuda,float16,0,0,nvml,shadow_kv_plus_raw_observer,127,9763.281,76.2756328125,0.11573490676750556,0.9921875,8536.093565079045,66.68823097718004,,,121.76721588332384,google/gemma-4-31B-it,128,121.01832899497822,123.580873652827,123.97950805607252,1,127,128,0,semantic,68103,127,127,16256,1,0,0,42,0,255,0.0,0,0,0,0,0,0.0,128,0,8.212391100065803,results_blackwell_semantic_gemma31_all_engines_longprefix_n128_20260714/google_gemma-4-31B-it/semantic/seed_42/samsum/shadow_kv_plus_raw_observer/benchmark_hf_google_gemma-4-31B-it_public_dataset_samsum_semantic_cuda.json,,,5.817166645655198,0.0
hf,19004.217662863084,0,samsum,cuda,float16,,,nvml,strict_reactive_prefix_cache,,12817.754,100.138703125,0.15194293436384976,0.9921875,11307.582266340136,88.34048645578231,,,150.20347349150143,google/gemma-4-31B-it,128,152.5189200110617,194.16274484829046,196.58731102157617,,,,,semantic,68103,127,127,16256,,,,42,,,,,,,,,,,,6.657635650859834,results_blackwell_semantic_gemma31_all_engines_longprefix_n128_20260714/google_gemma-4-31B-it/semantic/seed_42/samsum/strict_reactive_prefix_cache/benchmark_hf_google_gemma-4-31B-it_public_dataset_samsum_semantic_cuda.json,,,4.922161575571669,0.0
hf,0.0,0,ultrachat,cuda,float16,,,nvml,frequency_speculative,,18824.551,147.0668046875,0.18568857827712398,0.0,16120.08468196746,125.93816157787079,,,226.37871814833943,google/gemma-4-31B-it,128,230.392211007711,236.68309775093803,240.11862943676533,,,,,semantic,101377,0,0,0,,,,42,,,,,,,,,,,,4.4173763690309835,results_blackwell_semantic_gemma31_all_engines_longprefix_n128_20260714/google_gemma-4-31B-it/semantic/seed_42/ultrachat/frequency_speculative/benchmark_hf_google_gemma-4-31B-it_public_dataset_ultrachat_semantic_cuda.json,,,3.5549739083999516,0.0
hf,24166.972596009145,0,ultrachat,cuda,float16,,,nvml,greedy_prefix_cache,,15921.525,124.3869140625,0.1570526352131154,0.9921875,14186.842902185872,110.83471017332712,,,190.5808641869271,google/gemma-4-31B-it,128,190.9837839921238,207.3809713459923,210.30083613441093,,,,,semantic,85121,127,127,16256,,,,42,,,,,,,,,,,,5.247116515429228,results_blackwell_semantic_gemma31_all_engines_longprefix_n128_20260714/google_gemma-4-31B-it/semantic/seed_42/ultrachat/greedy_prefix_cache/benchmark_hf_google_gemma-4-31B-it_public_dataset_ultrachat_semantic_cuda.json,,,4.062768925319088,0.0
hf,0.0,127,ultrachat,cuda,float16,,,nvml,native_prefix_cache,,18038.268,140.92396875,0.17793254880298293,0.0,16204.465481205934,126.59738657192136,,,213.93740881990198,google/gemma-4-31B-it,128,217.1236880021752,224.80255629052408,227.85685254260898,,,,,semantic,101377,127,0,0,,,,42,,,,,,,,,,,,4.67426433514405,results_blackwell_semantic_gemma31_all_engines_longprefix_n128_20260714/google_gemma-4-31B-it/semantic/seed_42/ultrachat/native_prefix_cache/benchmark_hf_google_gemma-4-31B-it_public_dataset_ultrachat_semantic_cuda.json,,,3.709514914598607,0.0
hf,0.0,0,ultrachat,cuda,float16,,,nvml,no_cache,,18077.522,141.230640625,0.178319756946842,0.0,16115.979957050358,125.90609341445592,,,213.4770660150025,google/gemma-4-31B-it,128,216.52944450761424,223.67430680969846,227.97364578946144,,,,,semantic,101377,0,0,0,,,,42,,,,,,,,,,,,4.684343937581207,results_blackwell_semantic_gemma31_all_engines_longprefix_n128_20260714/google_gemma-4-31B-it/semantic/seed_42/ultrachat/no_cache/benchmark_hf_google_gemma-4-31B-it_public_dataset_ultrachat_semantic_cuda.json,1.0,1.0,3.7094671291872108,0.0
hf,23486.03671512683,0,ultrachat,cuda,float16,,,nvml,reactive_prefix_cache,,15790.886,123.366296875,0.15576398985963286,0.9921875,14092.34250747786,110.09642583967079,,,185.297111969021,google/gemma-4-31B-it,128,187.87468200025614,195.33204615290742,200.64404306729557,,,,,semantic,85121,127,127,16256,,,,42,,,,,,,,,,,,5.396738186438576,results_blackwell_semantic_gemma31_all_engines_longprefix_n128_20260714/google_gemma-4-31B-it/semantic/seed_42/ultrachat/reactive_prefix_cache/benchmark_hf_google_gemma-4-31B-it_public_dataset_ultrachat_semantic_cuda.json,,,4.195465800863811,0.0
hf,0.0,0,ultrachat,cuda,float16,,,nvml,shadow_kv,,18814.501,146.9882890625,0.1855894433648658,0.0,16206.590342877651,126.61398705373165,,,226.50245883664866,google/gemma-4-31B-it,128,230.59087400179124,236.69254394553718,238.94822000424028,,,,,semantic,101377,0,0,0,,,,42,,,,,,,,,,,,4.414963109611054,results_blackwell_semantic_gemma31_all_engines_longprefix_n128_20260714/google_gemma-4-31B-it/semantic/seed_42/ultrachat/shadow_kv/benchmark_hf_google_gemma-4-31B-it_public_dataset_ultrachat_semantic_cuda.json,,,3.605052470842275,0.0
hf,14733.41897992941,0,ultrachat,cuda,float16,0,0,nvml,shadow_kv_plus,127,9454.365,73.8622265625,0.0932594671375164,0.9921875,7895.82609607647,61.68614137559742,,,116.43184633646797,google/gemma-4-31B-it,128,115.72134449670557,116.91675139591098,117.88824973904411,1,127,128,0,semantic,85121,127,127,16256,1,0,0,42,0,255,0.0,0,0,0,0,0,0.0,128,0,8.588715471454195,results_blackwell_semantic_gemma31_all_engines_longprefix_n128_20260714/google_gemma-4-31B-it/semantic/seed_42/ultrachat/shadow_kv_plus/benchmark_hf_google_gemma-4-31B-it_public_dataset_ultrachat_semantic_cuda.json,,,5.952477723325007,0.0
hf,14681.817286938895,0,ultrachat,cuda,float16,0,0,nvml,shadow_kv_plus_best_latency,127,9404.202,73.470328125,0.0927646507590479,0.9921875,7908.51409696126,61.785266382509846,,,116.0287400936113,google/gemma-4-31B-it,128,115.34934199880809,116.590197358164,117.78553030308103,1,127,128,0,semantic,85121,127,127,16256,1,0,0,42,0,255,0.0,0,0,0,0,0,0.0,128,0,8.618554327084874,results_blackwell_semantic_gemma31_all_engines_longprefix_n128_20260714/google_gemma-4-31B-it/semantic/seed_42/ultrachat/shadow_kv_plus_best_latency/benchmark_hf_google_gemma-4-31B-it_public_dataset_ultrachat_semantic_cuda.json,,,5.952416820512201,0.0
hf,14658.462177030742,0,ultrachat,cuda,float16,0,0,nvml,shadow_kv_plus_lite,0,9412.315,73.5337109375,0.09284467877329178,0.9921875,7933.935778097464,61.98387326638644,,,115.8551173991782,google/gemma-4-31B-it,128,115.11075250018621,116.18248785744072,122.40292939270151,0,0,0,0,semantic,85121,127,127,16256,1,0,0,42,0,0,0.0,0,0,0,0,0,0.0,0,0,8.631470257412154,results_blackwell_semantic_gemma31_all_engines_longprefix_n128_20260714/google_gemma-4-31B-it/semantic/seed_42/ultrachat/shadow_kv_plus_lite/benchmark_hf_google_gemma-4-31B-it_public_dataset_ultrachat_semantic_cuda.json,,,5.952367005398032,0.0
hf,14639.94070487388,0,ultrachat,cuda,float16,0,0,nvml,shadow_kv_plus_raw_observer,127,9457.674,73.888078125,0.09329210767728381,0.9921875,7952.943780239213,62.13237328311885,,,115.69851713204571,google/gemma-4-31B-it,128,115.08009350654902,116.56346494346508,117.96086432252196,1,127,128,0,semantic,85121,127,127,16256,1,0,0,42,0,255,0.0,0,0,0,0,0,0.0,128,0,8.643153125797703,results_blackwell_semantic_gemma31_all_engines_longprefix_n128_20260714/google_gemma-4-31B-it/semantic/seed_42/ultrachat/shadow_kv_plus_raw_observer/benchmark_hf_google_gemma-4-31B-it_public_dataset_ultrachat_semantic_cuda.json,,,5.952502124997139,0.0
hf,24986.47163096757,0,ultrachat,cuda,float16,,,nvml,strict_reactive_prefix_cache,,16280.717,127.1931015625,0.1605957662980755,0.9921875,13945.334090149086,108.94792257928974,,,197.1049685394064,google/gemma-4-31B-it,128,200.10436549637234,206.7788571563142,208.75275662663626,,,,,semantic,85121,127,127,16256,,,,42,,,,,,,,,,,,5.073438825059725,results_blackwell_semantic_gemma31_all_engines_longprefix_n128_20260714/google_gemma-4-31B-it/semantic/seed_42/ultrachat/strict_reactive_prefix_cache/benchmark_hf_google_gemma-4-31B-it_public_dataset_ultrachat_semantic_cuda.json,,,3.9993120828283795,0.0
hf,0.0,0,xsum,cuda,float16,,,nvml,frequency_speculative,,18659.191,145.7749296875,0.18127687210974233,0.0,16139.653159801013,126.09104031094542,,,223.9004828676343,google/gemma-4-31B-it,128,234.10117399907904,245.14954035694245,268.4525032315287,,,,,semantic,102932,0,0,0,,,,42,,,,,,,,,,,,4.466269957046858,results_blackwell_semantic_gemma31_all_engines_longprefix_n128_20260714/google_gemma-4-31B-it/semantic/seed_42/xsum/frequency_speculative/benchmark_hf_google_gemma-4-31B-it_public_dataset_xsum_semantic_cuda.json,,,3.6050043170698762,0.0
hf,24679.3061690405,0,xsum,cuda,float16,,,nvml,greedy_prefix_cache,,16204.049,126.5941328125,0.15742479501029807,0.9921875,13919.86328050773,108.74893187896664,,,194.92843244552205,google/gemma-4-31B-it,128,203.77378950070124,225.07412785125763,241.4941255815211,,,,,semantic,86676,127,127,16256,,,,42,,,,,,,,,,,,5.13008793768183,results_blackwell_semantic_gemma31_all_engines_longprefix_n128_20260714/google_gemma-4-31B-it/semantic/seed_42/xsum/greedy_prefix_cache/benchmark_hf_google_gemma-4-31B-it_public_dataset_xsum_semantic_cuda.json,,,3.9992893221618284,0.0
hf,0.0,127,xsum,cuda,float16,,,nvml,native_prefix_cache,,18571.442,145.089390625,0.18042437725877278,0.0,16026.282885145818,125.2053350402017,,,223.43638020322487,google/gemma-4-31B-it,128,233.5913810020429,242.6424125013,268.23159630264854,,,,,semantic,102932,127,0,0,,,,42,,,,,,,,,,,,4.4755469055238795,results_blackwell_semantic_gemma31_all_engines_longprefix_n128_20260714/google_gemma-4-31B-it/semantic/seed_42/xsum/native_prefix_cache/benchmark_hf_google_gemma-4-31B-it_public_dataset_xsum_semantic_cuda.json,,,3.6050274206518105,0.0
hf,0.0,0,xsum,cuda,float16,,,nvml,no_cache,,18507.135,144.5869921875,0.1797996249951424,0.0,16043.864236580259,125.34268934828327,,,222.80668467897158,google/gemma-4-31B-it,128,232.80239949235693,241.8404436626588,267.09887059711036,,,,,semantic,102932,0,0,0,,,,42,,,,,,,,,,,,4.488195681565113,results_blackwell_semantic_gemma31_all_engines_longprefix_n128_20260714/google_gemma-4-31B-it/semantic/seed_42/xsum/no_cache/benchmark_hf_google_gemma-4-31B-it_public_dataset_xsum_semantic_cuda.json,1.0,1.0,3.6049781780285732,0.0
hf,24703.725188068347,0,xsum,cuda,float16,,,nvml,reactive_prefix_cache,,16171.427,126.3392734375,0.15710786732988768,0.9921875,13854.238429364937,108.23623772941357,,,195.10545855439432,google/gemma-4-31B-it,128,203.96580200031167,224.9334333959267,241.09679402317855,,,,,semantic,86676,127,127,16256,,,,42,,,,,,,,,,,,5.125433226775691,results_blackwell_semantic_gemma31_all_engines_longprefix_n128_20260714/google_gemma-4-31B-it/semantic/seed_42/xsum/reactive_prefix_cache/benchmark_hf_google_gemma-4-31B-it_public_dataset_xsum_semantic_cuda.json,,,3.999300278923697,0.0
hf,0.0,0,xsum,cuda,float16,,,nvml,shadow_kv,,18664.896,145.8195,0.18133229705047993,0.0,16151.649972677766,126.18476541154504,,,223.7543688659116,google/gemma-4-31B-it,128,233.77364200132433,243.14062324847328,268.84666831581853,,,,,semantic,102932,0,0,0,,,,42,,,,,,,,,,,,4.469186479211345,results_blackwell_semantic_gemma31_all_engines_longprefix_n128_20260714/google_gemma-4-31B-it/semantic/seed_42/xsum/shadow_kv/benchmark_hf_google_gemma-4-31B-it_public_dataset_xsum_semantic_cuda.json,,,3.656571978185407,0.0
hf,11931.715746002737,0,xsum,cuda,float16,0,0,nvml,shadow_kv_plus,127,7280.094,56.875734375,0.07072721796914468,0.9921875,5921.206284579324,46.25942409827597,,,94.84048853084914,google/gemma-4-31B-it,128,93.73546700226143,94.74297820343054,95.6795604916988,1,127,128,0,semantic,86676,127,127,16256,1,0,0,42,0,255,0.0,0,0,0,0,0,0.0,128,0,10.544019916923203,results_blackwell_semantic_gemma31_all_engines_longprefix_n128_20260714/google_gemma-4-31B-it/semantic/seed_42/xsum/shadow_kv_plus/benchmark_hf_google_gemma-4-31B-it_public_dataset_xsum_semantic_cuda.json,,,6.917703543100012,0.0
hf,11782.955194052192,0,xsum,cuda,float16,0,0,nvml,shadow_kv_plus_best_latency,127,7176.756,56.06840625,0.06972327361753392,0.9921875,5896.403176956828,46.06564981997522,,,93.61742290718666,google/gemma-4-31B-it,128,92.40209549898282,93.76362829789286,95.93467266124208,1,127,128,0,semantic,86676,127,127,16256,1,0,0,42,0,255,0.0,0,0,0,0,0,0.0,128,0,10.681772355466471,results_blackwell_semantic_gemma31_all_engines_longprefix_n128_20260714/google_gemma-4-31B-it/semantic/seed_42/xsum/shadow_kv_plus_best_latency/benchmark_hf_google_gemma-4-31B-it_public_dataset_xsum_semantic_cuda.json,,,6.9175986716542575,0.0
hf,11774.42733902717,0,xsum,cuda,float16,0,0,nvml,shadow_kv_plus_lite,0,7190.019,56.1720234375,0.06985212567520305,0.9921875,5817.974693885557,45.45292729598091,,,93.5522089296228,google/gemma-4-31B-it,128,92.30494049552362,94.12778664118377,94.82256448754924,0,0,0,0,semantic,86676,127,127,16256,1,0,0,42,0,0,0.0,0,0,0,0,0,0.0,0,0,10.689218474277581,results_blackwell_semantic_gemma31_all_engines_longprefix_n128_20260714/google_gemma-4-31B-it/semantic/seed_42/xsum/shadow_kv_plus_lite/benchmark_hf_google_gemma-4-31B-it_public_dataset_xsum_semantic_cuda.json,,,6.917580631801386,0.0
hf,11755.785956018372,0,xsum,cuda,float16,0,0,nvml,shadow_kv_plus_raw_observer,127,7110.61,55.551640625,0.06908065518983406,0.9921875,5836.811605735848,45.600090669811316,,,93.41834961742279,google/gemma-4-31B-it,128,92.24006550357444,93.21055684995372,98.27415614359782,1,127,128,0,semantic,86676,127,127,16256,1,0,0,42,0,255,0.0,0,0,0,0,0,0.0,128,0,10.704535073626447,results_blackwell_semantic_gemma31_all_engines_longprefix_n128_20260714/google_gemma-4-31B-it/semantic/seed_42/xsum/shadow_kv_plus_raw_observer/benchmark_hf_google_gemma-4-31B-it_public_dataset_xsum_semantic_cuda.json,,,6.917609634159081,0.0
hf,24693.642805097625,0,xsum,cuda,float16,,,nvml,strict_reactive_prefix_cache,,16166.495,126.3007421875,0.15705995220145338,0.9921875,13897.677984998754,108.57560925780277,,,195.03464455499397,google/gemma-4-31B-it,128,203.69952599867247,224.6168997531639,241.92040560810713,,,,,semantic,86676,127,127,16256,,,,42,,,,,,,,,,,,5.127294190638165,results_blackwell_semantic_gemma31_all_engines_longprefix_n128_20260714/google_gemma-4-31B-it/semantic/seed_42/xsum/strict_reactive_prefix_cache/benchmark_hf_google_gemma-4-31B-it_public_dataset_xsum_semantic_cuda.json,,,3.99928418599467,0.0
