model_slug,model_params_B,dataset,mode,engine,seed,mean_latency_ms,latency_ci_95_lower,latency_ci_95_upper,throughput_rps,cached_tokens_mean,gpu_energy_j,speedup_vs_no_cache_pct
gemma4_e2b,2.3,ag_news,rag,sglang_no_cache,42,24.105733,23.382561,24.828905,41.481788,0,1595.707,0.0
gemma4_e2b,2.3,ag_news,rag,sglang_radix_attention,42,19.808164,19.213919,20.402409,50.481655,30796,1260.793,17.828
gemma4_e2b,2.3,ag_news,rag,sglang_radix_attention_meritkv,42,19.612321,19.023951,20.200691,50.985751,31270,1252.067,18.6404
gemma4_e2b,2.3,ag_news,rag,sglang_no_cache,123,23.556816,22.850112,24.26352,42.448389,0,1568.88,0.0
gemma4_e2b,2.3,ag_news,rag,sglang_radix_attention,123,19.452304,18.868735,20.035873,49.756141,30796,1245.693,17.4239
gemma4_e2b,2.3,ag_news,rag,sglang_radix_attention_meritkv,123,19.300626,18.721607,19.879645,51.809144,31270,1238.894,18.0678
gemma4_e2b,2.3,ag_news,rag,sglang_no_cache,456,23.686682,22.976082,24.397282,42.215659,0,1577.478,0.0
gemma4_e2b,2.3,ag_news,rag,sglang_radix_attention,456,19.454162,18.870537,20.037787,49.759931,30796,1245.772,17.8688
gemma4_e2b,2.3,ag_news,rag,sglang_radix_attention_meritkv,456,19.257738,18.680006,19.83547,51.924526,31270,1236.967,18.698
gemma4_e2b,2.3,ag_news,rag,sglang_no_cache,789,23.685503,22.974938,24.396068,42.217761,0,1577.349,0.0
gemma4_e2b,2.3,ag_news,rag,sglang_radix_attention,789,19.45602,18.872339,20.039701,49.76372,30796,1245.851,17.8568
gemma4_e2b,2.3,ag_news,rag,sglang_radix_attention_meritkv,789,19.260784,18.68296,19.838608,51.916314,31270,1237.099,18.6811
gemma4_e2b,2.3,ag_news,rag,sglang_no_cache,999,23.682734,22.972252,24.393216,42.222698,0,1577.132,0.0
gemma4_e2b,2.3,ag_news,rag,sglang_radix_attention,999,19.457192,18.873476,20.040908,49.766109,30796,1245.901,17.8423
gemma4_e2b,2.3,ag_news,rag,sglang_radix_attention_meritkv,999,19.263415,18.685513,19.841317,51.909223,31270,1237.215,18.6605
gemma4_e2b,2.3,ag_news,templated,sglang_no_cache,42,23.962314,23.243445,24.681183,41.730412,0,1575.62,0.0
gemma4_e2b,2.3,ag_news,templated,sglang_radix_attention,42,19.846739,19.251337,20.442141,50.383956,28201,1254.812,17.1752
gemma4_e2b,2.3,ag_news,templated,sglang_radix_attention_meritkv,42,19.718427,19.126874,20.30998,50.711816,28598,1249.133,17.7107
gemma4_e2b,2.3,ag_news,templated,sglang_no_cache,123,23.54705,22.840638,24.253462,42.466348,0,1557.757,0.0
gemma4_e2b,2.3,ag_news,templated,sglang_radix_attention,123,19.490185,18.905479,20.074891,49.659847,28201,1239.784,17.2288
gemma4_e2b,2.3,ag_news,templated,sglang_radix_attention_meritkv,123,19.358929,18.778161,19.939697,51.65354,28598,1233.939,17.7862
gemma4_e2b,2.3,ag_news,templated,sglang_no_cache,456,23.545849,22.839474,24.252224,42.468515,0,1557.627,0.0
gemma4_e2b,2.3,ag_news,templated,sglang_radix_attention,456,19.492048,18.907287,20.076809,49.663628,28201,1239.862,17.2166
gemma4_e2b,2.3,ag_news,templated,sglang_radix_attention_meritkv,456,19.361977,18.781118,19.942836,51.645409,28598,1234.071,17.769
gemma4_e2b,2.3,ag_news,templated,sglang_no_cache,789,23.544649,22.83831,24.250988,42.470678,0,1557.497,0.0
gemma4_e2b,2.3,ag_news,templated,sglang_radix_attention,789,19.49391,18.909093,20.078727,49.66741,28201,1239.941,17.2045
gemma4_e2b,2.3,ag_news,templated,sglang_radix_attention_meritkv,789,19.365025,18.784074,19.945976,51.637281,28598,1234.202,17.7519
gemma4_e2b,2.3,ag_news,templated,sglang_no_cache,999,23.541863,22.835607,24.248119,42.475705,0,1557.281,0.0
gemma4_e2b,2.3,ag_news,templated,sglang_radix_attention,999,19.495084,18.910231,20.079937,49.669795,28201,1239.99,17.1897
gemma4_e2b,2.3,ag_news,templated,sglang_radix_attention_meritkv,999,19.367651,18.786621,19.948681,51.630278,28598,1234.316,17.731
gemma4_e2b,2.3,daily_dialog,rag,sglang_no_cache,42,24.827456,24.082632,25.57228,40.276262,0,1690.561,0.0
gemma4_e2b,2.3,daily_dialog,rag,sglang_radix_attention,42,20.386241,19.774654,20.997828,49.05059,37963,1334.758,17.8883
gemma4_e2b,2.3,daily_dialog,rag,sglang_radix_attention_meritkv,42,20.173035,19.567844,20.778226,49.568998,38683,1324.986,18.7471
gemma4_e2b,2.3,daily_dialog,rag,sglang_no_cache,123,24.262193,23.534327,24.990059,41.214624,0,1662.145,0.0
gemma4_e2b,2.3,daily_dialog,rag,sglang_radix_attention,123,20.019995,19.419395,20.620595,48.345644,37963,1318.772,17.4848
gemma4_e2b,2.3,daily_dialog,rag,sglang_radix_attention_meritkv,123,19.85351,19.257905,20.449115,50.366768,38683,1311.095,18.171
gemma4_e2b,2.3,daily_dialog,rag,sglang_no_cache,456,24.395853,23.663977,25.127729,40.988817,0,1671.248,0.0
gemma4_e2b,2.3,daily_dialog,rag,sglang_radix_attention,456,20.021908,19.421251,20.622565,48.349325,37963,1318.856,17.9291
gemma4_e2b,2.3,daily_dialog,rag,sglang_radix_attention_meritkv,456,19.808205,19.213959,20.402451,50.481968,38683,1309.002,18.805
gemma4_e2b,2.3,daily_dialog,rag,sglang_no_cache,789,24.394638,23.662799,25.126477,40.990857,0,1671.111,0.0
gemma4_e2b,2.3,daily_dialog,rag,sglang_radix_attention,789,20.023821,19.423106,20.624536,48.353007,37963,1318.939,17.9171
gemma4_e2b,2.3,daily_dialog,rag,sglang_radix_attention_meritkv,789,19.811371,19.21703,20.405712,50.4739,38683,1309.144,18.788
gemma4_e2b,2.3,daily_dialog,rag,sglang_no_cache,999,24.391792,23.660038,25.123546,40.995642,0,1670.882,0.0
gemma4_e2b,2.3,daily_dialog,rag,sglang_radix_attention,999,20.025027,19.424276,20.625778,48.355329,37963,1318.992,17.9026
gemma4_e2b,2.3,daily_dialog,rag,sglang_radix_attention_meritkv,999,19.814116,19.219693,20.408539,50.466908,38683,1309.267,18.7673
gemma4_e2b,2.3,daily_dialog,templated,sglang_no_cache,42,24.789204,24.045528,25.53288,40.338441,0,1698.695,0.0
gemma4_e2b,2.3,daily_dialog,templated,sglang_radix_attention,42,20.414475,19.802041,21.026909,48.982785,34589,1345.11,17.6477
gemma4_e2b,2.3,daily_dialog,templated,sglang_radix_attention_meritkv,42,20.229255,19.622377,20.836133,49.431275,35187,1336.567,18.3949
gemma4_e2b,2.3,daily_dialog,templated,sglang_no_cache,123,24.224463,23.497729,24.951197,41.278845,0,1670.119,0.0
gemma4_e2b,2.3,daily_dialog,templated,sglang_radix_attention,123,20.047722,19.44629,20.649154,48.278813,34589,1329.001,17.2418
gemma4_e2b,2.3,daily_dialog,templated,sglang_radix_attention_meritkv,123,19.908281,19.311033,20.505529,50.228237,35187,1322.53,17.8175
gemma4_e2b,2.3,daily_dialog,templated,sglang_no_cache,456,24.358301,23.627552,25.08905,41.052036,0,1679.292,0.0
gemma4_e2b,2.3,daily_dialog,templated,sglang_radix_attention,456,20.049637,19.448148,20.651126,48.28249,34589,1329.085,17.6887
gemma4_e2b,2.3,daily_dialog,templated,sglang_radix_attention_meritkv,456,19.863464,19.26756,20.459368,50.341565,35187,1320.445,18.453
gemma4_e2b,2.3,daily_dialog,templated,sglang_no_cache,789,24.357078,23.626366,25.08779,41.054097,0,1679.153,0.0
gemma4_e2b,2.3,daily_dialog,templated,sglang_radix_attention,789,20.051553,19.450006,20.6531,48.286166,34589,1329.169,17.6767
gemma4_e2b,2.3,daily_dialog,templated,sglang_radix_attention_meritkv,789,19.866622,19.270623,20.462621,50.333561,35187,1320.587,18.4359
gemma4_e2b,2.3,daily_dialog,templated,sglang_no_cache,999,24.35422,23.623593,25.084847,41.058914,0,1678.922,0.0
gemma4_e2b,2.3,daily_dialog,templated,sglang_radix_attention,999,20.05276,19.451177,20.654343,48.288485,34589,1329.222,17.6621
gemma4_e2b,2.3,daily_dialog,templated,sglang_radix_attention_meritkv,999,19.869355,19.273274,20.465436,50.326638,35187,1320.711,18.4151
gemma4_e2b,2.3,dolly,rag,sglang_no_cache,42,24.852832,24.107247,25.598417,40.235118,0,1688.448,0.0
gemma4_e2b,2.3,dolly,rag,sglang_radix_attention,42,20.432394,19.819422,21.045366,48.939768,33587,1334.743,17.7865
gemma4_e2b,2.3,dolly,rag,sglang_radix_attention_meritkv,42,20.232837,19.625852,20.839822,49.422462,34151,1325.618,18.5894
gemma4_e2b,2.3,dolly,rag,sglang_no_cache,123,24.422019,23.689358,25.15468,40.944879,0,1669.297,0.0
gemma4_e2b,2.3,dolly,rag,sglang_radix_attention,123,20.065319,19.463359,20.667279,48.236414,33587,1318.758,17.8392
gemma4_e2b,2.3,dolly,rag,sglang_radix_attention_meritkv,123,19.863839,19.267924,20.459754,50.340552,34151,1309.488,18.6642
gemma4_e2b,2.3,dolly,rag,sglang_no_cache,456,24.420802,23.688178,25.153426,40.94692,0,1669.16,0.0
gemma4_e2b,2.3,dolly,rag,sglang_radix_attention,456,20.067236,19.465219,20.669253,48.240088,33587,1318.841,17.8273
gemma4_e2b,2.3,dolly,rag,sglang_radix_attention_meritkv,456,19.866993,19.270983,20.463003,50.332559,34151,1309.629,18.6473
gemma4_e2b,2.3,dolly,rag,sglang_no_cache,789,24.262651,23.534771,24.990531,41.213823,0,1658.297,0.0
gemma4_e2b,2.3,dolly,rag,sglang_radix_attention,789,20.069153,19.467078,20.671228,48.243761,33587,1318.925,17.2838
gemma4_e2b,2.3,dolly,rag,sglang_radix_attention_meritkv,789,19.925698,19.327927,20.523469,50.18427,34151,1312.325,17.875
gemma4_e2b,2.3,dolly,rag,sglang_no_cache,999,24.416727,23.684225,25.149229,40.953754,0,1668.794,0.0
gemma4_e2b,2.3,dolly,rag,sglang_radix_attention,999,20.070362,19.468251,20.672473,48.246077,33587,1318.977,17.8008
gemma4_e2b,2.3,dolly,rag,sglang_radix_attention_meritkv,999,19.872877,19.276691,20.469063,50.317657,34151,1309.892,18.6096
gemma4_e2b,2.3,dolly,templated,sglang_no_cache,42,24.412621,23.680242,25.145,40.960545,0,1658.626,0.0
gemma4_e2b,2.3,dolly,templated,sglang_radix_attention,42,20.19278,19.586997,20.798563,49.520386,29436,1319.158,17.2855
gemma4_e2b,2.3,dolly,templated,sglang_radix_attention_meritkv,42,20.050316,19.448807,20.651825,49.872244,29869,1312.643,17.8691
gemma4_e2b,2.3,dolly,templated,sglang_no_cache,123,23.989533,23.269847,24.709219,41.68294,0,1639.82,0.0
gemma4_e2b,2.3,dolly,templated,sglang_radix_attention,123,19.83001,19.23511,20.42491,48.808688,29436,1303.359,17.3389
gemma4_e2b,2.3,dolly,templated,sglang_radix_attention_meritkv,123,19.684741,19.094199,20.275283,50.798447,29869,1296.675,17.9445
gemma4_e2b,2.3,dolly,templated,sglang_no_cache,456,24.121918,23.39826,24.845576,41.454177,0,1648.816,0.0
gemma4_e2b,2.3,dolly,templated,sglang_radix_attention,456,19.831904,19.236947,20.426861,48.812405,29436,1303.442,17.7847
gemma4_e2b,2.3,dolly,templated,sglang_radix_attention_meritkv,456,19.64124,19.052003,20.230477,50.910955,29869,1294.67,18.5751
gemma4_e2b,2.3,dolly,templated,sglang_no_cache,789,24.120713,23.397092,24.844334,41.456247,0,1648.68,0.0
gemma4_e2b,2.3,dolly,templated,sglang_radix_attention,789,19.833799,19.238785,20.428813,48.816121,29436,1303.524,17.7727
gemma4_e2b,2.3,dolly,templated,sglang_radix_attention_meritkv,789,19.64434,19.05501,20.23367,50.90292,29869,1294.808,18.5582
gemma4_e2b,2.3,dolly,templated,sglang_no_cache,999,23.984264,23.264736,24.703792,41.692098,0,1639.32,0.0
gemma4_e2b,2.3,dolly,templated,sglang_radix_attention,999,19.834994,19.239944,20.430044,48.818465,29436,1303.576,17.3
gemma4_e2b,2.3,dolly,templated,sglang_radix_attention_meritkv,999,19.69363,19.102821,20.284439,50.775519,29869,1297.073,17.8894
gemma4_e2b,2.3,samsum,rag,sglang_no_cache,42,25.539346,24.773166,26.305526,39.153739,0,1879.135,0.0
gemma4_e2b,2.3,samsum,rag,sglang_radix_attention,42,21.015583,20.385116,21.64605,47.581877,37481,1486.813,17.7129
gemma4_e2b,2.3,samsum,rag,sglang_radix_attention_meritkv,42,20.815734,20.191262,21.440206,48.038703,38183,1476.916,18.4954
gemma4_e2b,2.3,samsum,rag,sglang_no_cache,123,25.096648,24.343749,25.849547,39.844401,0,1857.822,0.0
gemma4_e2b,2.3,samsum,rag,sglang_radix_attention,123,20.638031,20.01889,21.257172,46.898039,37481,1469.006,17.7658
gemma4_e2b,2.3,samsum,rag,sglang_radix_attention_meritkv,123,20.43603,19.822949,21.049111,48.93127,38183,1458.941,18.5707
gemma4_e2b,2.3,samsum,rag,sglang_no_cache,456,24.933999,24.185979,25.682019,40.104312,0,1845.723,0.0
gemma4_e2b,2.3,samsum,rag,sglang_radix_attention,456,20.640003,20.020803,21.259203,46.90161,37481,1469.099,17.2214
gemma4_e2b,2.3,samsum,rag,sglang_radix_attention_meritkv,456,20.497199,19.882283,21.112115,48.785246,38183,1461.984,17.7942
gemma4_e2b,2.3,samsum,rag,sglang_no_cache,789,24.932727,24.184745,25.680709,40.106358,0,1845.569,0.0
gemma4_e2b,2.3,samsum,rag,sglang_radix_attention,789,20.641974,20.022715,21.261233,46.905181,37481,1469.192,17.2093
gemma4_e2b,2.3,samsum,rag,sglang_radix_attention_meritkv,789,20.500468,19.885454,21.115482,48.777466,38183,1462.142,17.7769
gemma4_e2b,2.3,samsum,rag,sglang_no_cache,999,25.091199,24.338463,25.843935,39.853054,0,1857.262,0.0
gemma4_e2b,2.3,samsum,rag,sglang_radix_attention,999,20.643218,20.023921,21.262515,46.907434,37481,1469.251,17.7273
gemma4_e2b,2.3,samsum,rag,sglang_radix_attention_meritkv,999,20.445384,19.832022,21.058746,48.908883,38183,1459.394,18.5157
gemma4_e2b,2.3,samsum,templated,sglang_no_cache,42,25.69713,24.926216,26.468044,38.913256,0,1897.952,0.0
gemma4_e2b,2.3,samsum,templated,sglang_radix_attention,42,21.195208,20.559352,21.831064,47.178541,34115,1505.237,17.5192
gemma4_e2b,2.3,samsum,templated,sglang_radix_attention_meritkv,42,21.017447,20.386924,21.64797,47.577567,34696,1496.4,18.2109
gemma4_e2b,2.3,samsum,templated,sglang_no_cache,123,25.111511,24.358166,25.864856,39.820741,0,1866.009,0.0
gemma4_e2b,2.3,samsum,templated,sglang_radix_attention,123,20.814429,20.189996,21.438862,46.500499,34115,1487.21,17.112
gemma4_e2b,2.3,samsum,templated,sglang_radix_attention_meritkv,123,20.683864,20.063348,21.30438,48.344884,34696,1480.679,17.6319
gemma4_e2b,2.3,samsum,templated,sglang_no_cache,456,25.250462,24.492948,26.007976,39.601612,0,1876.273,0.0
gemma4_e2b,2.3,samsum,templated,sglang_radix_attention,456,20.816417,20.191924,21.44091,46.50404,34115,1487.304,17.5603
gemma4_e2b,2.3,samsum,templated,sglang_radix_attention_meritkv,456,20.637415,20.018293,21.256537,48.453694,34696,1478.351,18.2692
gemma4_e2b,2.3,samsum,templated,sglang_no_cache,789,25.249191,24.491715,26.006667,39.603605,0,1876.118,0.0
gemma4_e2b,2.3,samsum,templated,sglang_radix_attention,789,20.818406,20.193854,21.442958,46.507582,34115,1487.398,17.5482
gemma4_e2b,2.3,samsum,templated,sglang_radix_attention_meritkv,789,20.640693,20.021472,21.259914,48.446,34696,1478.51,18.2521
gemma4_e2b,2.3,samsum,templated,sglang_no_cache,999,25.246222,24.488835,26.003609,39.608263,0,1875.86,0.0
gemma4_e2b,2.3,samsum,templated,sglang_radix_attention,999,20.81966,20.19507,21.44425,46.509815,34115,1487.457,17.5336
gemma4_e2b,2.3,samsum,templated,sglang_radix_attention_meritkv,999,20.643528,20.024222,21.262834,48.439345,34696,1478.649,18.2312
gemma4_e2b,2.3,xsum,rag,sglang_no_cache,42,28.71203,27.850669,29.573391,34.827211,0,2409.955,0.0
gemma4_e2b,2.3,xsum,rag,sglang_radix_attention,42,23.643127,22.933833,24.352421,42.293894,33320,1908.168,17.6543
gemma4_e2b,2.3,xsum,rag,sglang_radix_attention_meritkv,42,23.428751,22.725888,24.131614,42.680888,33875,1896.057,18.4009
gemma4_e2b,2.3,xsum,rag,sglang_no_cache,123,28.05793,27.216192,28.899668,35.639119,0,2369.414,0.0
gemma4_e2b,2.3,xsum,rag,sglang_radix_attention,123,23.21837,22.521819,23.914921,41.686054,33320,1885.315,17.2485
gemma4_e2b,2.3,xsum,rag,sglang_radix_attention_meritkv,123,23.056794,22.36509,23.748498,43.369425,33875,1876.131,17.8243
gemma4_e2b,2.3,xsum,rag,sglang_no_cache,456,28.212933,27.366545,29.059321,35.443316,0,2382.427,0.0
gemma4_e2b,2.3,xsum,rag,sglang_radix_attention,456,23.220588,22.52397,23.917206,41.689228,33320,1885.434,17.6952
gemma4_e2b,2.3,xsum,rag,sglang_radix_attention_meritkv,456,23.005129,22.314975,23.695283,43.466824,33875,1873.188,18.4589
gemma4_e2b,2.3,xsum,rag,sglang_no_cache,789,28.21152,27.365174,29.057866,35.445091,0,2382.23,0.0
gemma4_e2b,2.3,xsum,rag,sglang_radix_attention,789,23.222807,22.526123,23.919491,41.692403,33320,1885.554,17.6832
gemma4_e2b,2.3,xsum,rag,sglang_radix_attention_meritkv,789,23.00878,22.318517,23.699043,43.459928,33875,1873.389,18.4419
gemma4_e2b,2.3,xsum,rag,sglang_no_cache,999,28.208211,27.361965,29.054457,35.44925,0,2381.903,0.0
gemma4_e2b,2.3,xsum,rag,sglang_radix_attention,999,23.224205,22.527479,23.920931,41.694404,33320,1885.629,17.6686
gemma4_e2b,2.3,xsum,rag,sglang_radix_attention_meritkv,999,23.011937,22.321579,23.702295,43.453965,33875,1873.564,18.4211
gemma4_e2b,2.3,xsum,templated,sglang_no_cache,42,28.48774,27.633108,29.342372,35.101537,0,2384.61,0.0
gemma4_e2b,2.3,xsum,templated,sglang_radix_attention,42,23.362923,22.662035,24.063811,42.8013,29971,1880.413,17.9896
gemma4_e2b,2.3,xsum,templated,sglang_radix_attention_meritkv,42,23.11303,22.419639,23.806421,43.264057,30420,1866.334,18.8667
gemma4_e2b,2.3,xsum,templated,sglang_no_cache,123,27.993874,27.154058,28.83369,35.720797,0,2357.559,0.0
gemma4_e2b,2.3,xsum,templated,sglang_radix_attention,123,22.9432,22.254904,23.631496,42.186167,29971,1857.893,18.0421
gemma4_e2b,2.3,xsum,templated,sglang_radix_attention_meritkv,123,22.691578,22.010831,23.372325,44.067603,30420,1843.629,18.9409
gemma4_e2b,2.3,xsum,templated,sglang_no_cache,456,27.992489,27.152714,28.832264,35.722564,0,2357.367,0.0
gemma4_e2b,2.3,xsum,templated,sglang_radix_attention,456,22.945392,22.25703,23.633754,42.18938,29971,1858.01,18.0302
gemma4_e2b,2.3,xsum,templated,sglang_radix_attention_meritkv,456,22.695165,22.01431,23.37602,44.060639,30420,1843.826,18.9241
gemma4_e2b,2.3,xsum,templated,sglang_no_cache,789,27.9911,27.151367,28.830833,35.724336,0,2357.174,0.0
gemma4_e2b,2.3,xsum,templated,sglang_radix_attention,789,22.947584,22.259156,23.636012,42.192592,29971,1858.128,18.0183
gemma4_e2b,2.3,xsum,templated,sglang_radix_attention_meritkv,789,22.698753,22.01779,23.379716,44.053674,30420,1844.023,18.9072
gemma4_e2b,2.3,xsum,templated,sglang_no_cache,999,27.987837,27.148202,28.827472,35.728501,0,2356.851,0.0
gemma4_e2b,2.3,xsum,templated,sglang_radix_attention,999,22.948966,22.260497,23.637435,42.194618,29971,1858.202,18.0038
gemma4_e2b,2.3,xsum,templated,sglang_radix_attention_meritkv,999,22.70185,22.020795,23.382905,44.047664,30420,1844.195,18.8867
gemma4_e4b,4.0,ag_news,rag,sglang_no_cache,42,30.022813,29.122129,30.923497,33.306548,0,2564.81,0.0
gemma4_e4b,4.0,ag_news,rag,sglang_radix_attention,42,24.825686,24.080915,25.570457,40.279099,30796,2039.256,17.3106
gemma4_e4b,4.0,ag_news,rag,sglang_radix_attention_meritkv,42,24.623354,23.884653,25.362055,40.610075,31270,2027.622,17.9845
gemma4_e4b,4.0,ag_news,rag,sglang_no_cache,123,29.502522,28.617446,30.387598,33.893925,0,2535.731,0.0
gemma4_e4b,4.0,ag_news,rag,sglang_radix_attention,123,24.379754,23.648361,25.111147,39.700215,30796,2014.833,17.3638
gemma4_e4b,4.0,ag_news,rag,sglang_radix_attention_meritkv,123,24.172694,23.447513,24.897875,41.367183,31270,2002.858,18.0657
gemma4_e4b,4.0,ag_news,rag,sglang_no_cache,456,29.665545,28.775579,30.555511,33.707665,0,2549.661,0.0
gemma4_e4b,4.0,ag_news,rag,sglang_radix_attention,456,24.382083,23.650621,25.113545,39.703238,30796,2014.961,17.8101
gemma4_e4b,4.0,ag_news,rag,sglang_radix_attention_meritkv,456,24.104925,23.381777,24.828073,41.483484,31270,1998.931,18.7444
gemma4_e4b,4.0,ag_news,rag,sglang_no_cache,789,29.664058,28.774136,30.55398,33.709355,0,2549.451,0.0
gemma4_e4b,4.0,ag_news,rag,sglang_radix_attention,789,24.384412,23.65288,25.115944,39.706261,30796,2015.088,17.7981
gemma4_e4b,4.0,ag_news,rag,sglang_radix_attention_meritkv,789,24.109118,23.385844,24.832392,41.476269,31270,1999.167,18.7262
gemma4_e4b,4.0,ag_news,rag,sglang_no_cache,999,29.496023,28.611142,30.380904,33.901393,0,2534.958,0.0
gemma4_e4b,4.0,ag_news,rag,sglang_radix_attention,999,24.385881,23.654305,25.117457,39.708168,30796,2015.169,17.3249
gemma4_e4b,4.0,ag_news,rag,sglang_radix_attention_meritkv,999,24.184856,23.45931,24.910402,41.346381,31270,2003.544,18.0064
gemma4_e4b,4.0,ag_news,templated,sglang_no_cache,42,30.130398,29.226486,31.03431,33.187927,0,2605.938,0.0
gemma4_e4b,4.0,ag_news,templated,sglang_radix_attention,42,24.689741,23.949049,25.430433,40.501253,28201,2053.253,18.057
gemma4_e4b,4.0,ag_news,templated,sglang_radix_attention_meritkv,42,24.372471,23.641297,25.103645,41.02848,28598,2034.784,19.11
gemma4_e4b,4.0,ag_news,templated,sglang_no_cache,123,29.60807,28.719828,30.496312,33.773408,0,2576.378,0.0
gemma4_e4b,4.0,ag_news,templated,sglang_radix_attention,123,24.246251,23.518863,24.973639,39.919176,28201,2028.663,18.1093
gemma4_e4b,4.0,ag_news,templated,sglang_radix_attention_meritkv,123,23.92644,23.208647,24.644233,41.793324,28598,2009.935,19.1895
gemma4_e4b,4.0,ag_news,templated,sglang_no_cache,456,29.416675,28.534175,30.299175,33.993149,0,2559.641,0.0
gemma4_e4b,4.0,ag_news,templated,sglang_radix_attention,456,24.248567,23.52111,24.976024,39.922216,28201,2028.791,17.5686
gemma4_e4b,4.0,ag_news,templated,sglang_radix_attention_meritkv,456,24.012907,23.29252,24.733294,41.642831,28598,2014.993,18.3697
gemma4_e4b,4.0,ag_news,templated,sglang_no_cache,789,29.415188,28.532732,30.297644,33.994868,0,2559.429,0.0
gemma4_e4b,4.0,ag_news,templated,sglang_radix_attention,789,24.250884,23.523357,24.978411,39.925256,28201,2028.919,17.5566
gemma4_e4b,4.0,ag_news,templated,sglang_radix_attention_meritkv,789,24.017064,23.296552,24.737576,41.635624,28598,2015.229,18.3515
gemma4_e4b,4.0,ag_news,templated,sglang_no_cache,999,29.601674,28.713624,30.489724,33.780706,0,2575.603,0.0
gemma4_e4b,4.0,ag_news,templated,sglang_radix_attention,999,24.252345,23.524775,24.979915,39.927173,28201,2029.0,18.071
gemma4_e4b,4.0,ag_news,templated,sglang_radix_attention_meritkv,999,23.93845,23.220296,24.656603,41.772355,28598,2010.621,19.1314
gemma4_e4b,4.0,daily_dialog,rag,sglang_no_cache,42,31.323846,30.384131,32.263561,31.923355,0,2685.966,0.0
gemma4_e4b,4.0,daily_dialog,rag,sglang_radix_attention,42,25.812494,25.038119,26.586869,38.739467,37963,2128.247,17.5947
gemma4_e4b,4.0,daily_dialog,rag,sglang_radix_attention_meritkv,42,25.548524,24.782068,26.31498,39.139728,38683,2113.012,18.4375
gemma4_e4b,4.0,daily_dialog,rag,sglang_no_cache,123,30.780937,29.857509,31.704365,32.486414,0,2655.507,0.0
gemma4_e4b,4.0,daily_dialog,rag,sglang_radix_attention,123,25.348836,24.588371,26.109301,38.18271,37963,2102.758,17.6476
gemma4_e4b,4.0,daily_dialog,rag,sglang_radix_attention_meritkv,123,25.080696,24.328275,25.833117,39.869798,38683,2087.192,18.5187
gemma4_e4b,4.0,daily_dialog,rag,sglang_no_cache,456,30.779385,29.856003,31.702767,32.488052,0,2655.288,0.0
gemma4_e4b,4.0,daily_dialog,rag,sglang_radix_attention,456,25.351258,24.59072,26.111796,38.185618,37963,2102.892,17.6356
gemma4_e4b,4.0,daily_dialog,rag,sglang_radix_attention_meritkv,456,25.085107,24.332554,25.83766,39.862787,38683,2087.441,18.5003
gemma4_e4b,4.0,daily_dialog,rag,sglang_no_cache,789,30.948914,30.020447,31.877381,32.310092,0,2669.827,0.0
gemma4_e4b,4.0,daily_dialog,rag,sglang_radix_attention,789,25.35368,24.59307,26.11429,38.188526,37963,2103.025,18.0789
gemma4_e4b,4.0,daily_dialog,rag,sglang_radix_attention_meritkv,789,25.012789,24.262405,25.763173,39.978039,38683,2083.235,19.1804
gemma4_e4b,4.0,daily_dialog,rag,sglang_no_cache,999,30.774209,29.850983,31.697435,32.493516,0,2654.702,0.0
gemma4_e4b,4.0,daily_dialog,rag,sglang_radix_attention,999,25.355207,24.594551,26.115863,38.190359,37963,2103.109,17.6089
gemma4_e4b,4.0,daily_dialog,rag,sglang_radix_attention_meritkv,999,25.093486,24.340681,25.846291,39.849476,38683,2087.916,18.4594
gemma4_e4b,4.0,daily_dialog,templated,sglang_no_cache,42,31.354852,30.414206,32.295498,31.891728,0,2705.748,0.0
gemma4_e4b,4.0,daily_dialog,templated,sglang_radix_attention,42,25.732596,24.960618,26.504574,38.859678,34589,2135.172,17.9311
gemma4_e4b,4.0,daily_dialog,templated,sglang_radix_attention_meritkv,42,25.415773,24.6533,26.178246,39.344087,35187,2116.77,18.9415
gemma4_e4b,4.0,daily_dialog,templated,sglang_no_cache,123,30.811328,29.886988,31.735668,32.454311,0,2675.058,0.0
gemma4_e4b,4.0,daily_dialog,templated,sglang_radix_attention,123,25.270374,24.512263,26.028485,38.301194,34589,2109.6,17.9835
gemma4_e4b,4.0,daily_dialog,templated,sglang_radix_attention_meritkv,123,24.950459,24.201945,25.698973,40.077836,35187,2090.909,19.0218
gemma4_e4b,4.0,daily_dialog,templated,sglang_no_cache,456,30.80979,29.885496,31.734084,32.45593,0,2674.839,0.0
gemma4_e4b,4.0,daily_dialog,templated,sglang_radix_attention,456,25.272788,24.514604,26.030972,38.30411,34589,2109.734,17.9716
gemma4_e4b,4.0,daily_dialog,templated,sglang_radix_attention_meritkv,456,24.954829,24.206184,25.703474,40.070817,35187,2091.158,19.0036
gemma4_e4b,4.0,daily_dialog,templated,sglang_no_cache,789,30.610289,29.69198,31.528598,32.66746,0,2657.433,0.0
gemma4_e4b,4.0,daily_dialog,templated,sglang_radix_attention,789,25.275202,24.516946,26.033458,38.307027,34589,2109.868,17.4291
gemma4_e4b,4.0,daily_dialog,templated,sglang_radix_attention_meritkv,789,25.046954,24.295545,25.798363,39.923434,35187,2096.534,18.1747
gemma4_e4b,4.0,daily_dialog,templated,sglang_no_cache,999,30.80465,29.88051,31.72879,32.461346,0,2674.252,0.0
gemma4_e4b,4.0,daily_dialog,templated,sglang_radix_attention,999,25.276725,24.518423,26.035027,38.308866,34589,2109.952,17.9451
gemma4_e4b,4.0,daily_dialog,templated,sglang_radix_attention_meritkv,999,24.963123,24.214229,25.712017,40.057504,35187,2091.631,18.9631
gemma4_e4b,4.0,dolly,rag,sglang_no_cache,42,31.357381,30.41666,32.298102,31.8892,0,2734.864,0.0
gemma4_e4b,4.0,dolly,rag,sglang_radix_attention,42,25.728223,24.956376,26.50007,38.866338,33587,2157.607,17.9516
gemma4_e4b,4.0,dolly,rag,sglang_radix_attention_meritkv,42,25.409088,24.646815,26.171361,39.354494,34151,2138.873,18.9694
gemma4_e4b,4.0,dolly,rag,sglang_no_cache,123,30.813808,29.889394,31.738222,32.451744,0,2703.843,0.0
gemma4_e4b,4.0,dolly,rag,sglang_radix_attention,123,25.266079,24.508097,26.024061,38.307758,33587,2131.767,18.004
gemma4_e4b,4.0,dolly,rag,sglang_radix_attention_meritkv,123,24.943926,24.195608,25.692244,40.08839,34151,2112.744,19.0495
gemma4_e4b,4.0,dolly,rag,sglang_no_cache,456,30.812271,29.887903,31.736639,32.453363,0,2703.621,0.0
gemma4_e4b,4.0,dolly,rag,sglang_radix_attention,456,25.268493,24.510438,26.026548,38.310675,33587,2131.902,17.9921
gemma4_e4b,4.0,dolly,rag,sglang_radix_attention_meritkv,456,24.948288,24.199839,25.696737,40.08138,34151,2112.994,19.0313
gemma4_e4b,4.0,dolly,rag,sglang_no_cache,789,30.810736,29.886414,31.735058,32.454979,0,2703.399,0.0
gemma4_e4b,4.0,dolly,rag,sglang_radix_attention,789,25.270907,24.51278,26.029034,38.313592,33587,2132.037,17.9802
gemma4_e4b,4.0,dolly,rag,sglang_radix_attention_meritkv,789,24.95265,24.20407,25.70123,40.074374,34151,2113.245,19.0131
gemma4_e4b,4.0,dolly,rag,sglang_no_cache,999,30.807133,29.882919,31.731347,32.458775,0,2703.028,0.0
gemma4_e4b,4.0,dolly,rag,sglang_radix_attention,999,25.272429,24.514256,26.030602,38.315432,33587,2132.122,17.9657
gemma4_e4b,4.0,dolly,rag,sglang_radix_attention_meritkv,999,24.956564,24.207867,25.705261,40.068088,34151,2113.472,18.991
gemma4_e4b,4.0,dolly,templated,sglang_no_cache,42,30.202507,29.296432,31.108582,33.108493,0,2659.854,0.0
gemma4_e4b,4.0,dolly,templated,sglang_radix_attention,42,24.97756,24.228233,25.726887,40.034314,29436,2115.103,17.2997
gemma4_e4b,4.0,dolly,templated,sglang_radix_attention_meritkv,42,24.776697,24.033396,25.519998,40.358869,29869,2103.197,17.9648
gemma4_e4b,4.0,dolly,templated,sglang_no_cache,123,29.679104,28.788731,30.569477,33.692374,0,2629.698,0.0
gemma4_e4b,4.0,dolly,templated,sglang_radix_attention,123,24.5289,23.793033,25.264767,39.458948,29436,2089.772,17.353
gemma4_e4b,4.0,dolly,templated,sglang_radix_attention_meritkv,123,24.323272,23.593574,25.05297,41.111224,29869,2077.512,18.0458
gemma4_e4b,4.0,dolly,templated,sglang_no_cache,456,29.677592,28.787264,30.56792,33.694091,0,2629.479,0.0
gemma4_e4b,4.0,dolly,templated,sglang_radix_attention,456,24.531243,23.795306,25.26718,39.461953,29436,2089.904,17.3409
gemma4_e4b,4.0,dolly,templated,sglang_radix_attention_meritkv,456,24.327488,23.597663,25.057313,41.104099,29869,2077.757,18.0274
gemma4_e4b,4.0,dolly,templated,sglang_no_cache,789,29.841628,28.946379,30.736877,33.508879,0,2643.928,0.0
gemma4_e4b,4.0,dolly,templated,sglang_radix_attention,789,24.533587,23.797579,25.269595,39.464958,29436,2090.036,17.7874
gemma4_e4b,4.0,dolly,templated,sglang_radix_attention_meritkv,789,24.259636,23.531847,24.987425,41.219063,29869,2073.703,18.7054
gemma4_e4b,4.0,dolly,templated,sglang_no_cache,999,29.672567,28.78239,30.562744,33.699797,0,2628.896,0.0
gemma4_e4b,4.0,dolly,templated,sglang_radix_attention,999,24.535065,23.799013,25.271117,39.466853,29436,2090.12,17.314
gemma4_e4b,4.0,dolly,templated,sglang_radix_attention_meritkv,999,24.335478,23.605414,25.065542,41.090604,29869,2078.222,17.9866
gemma4_e4b,4.0,samsum,rag,sglang_no_cache,42,32.850248,31.864741,33.835755,30.439973,0,3092.956,0.0
gemma4_e4b,4.0,samsum,rag,sglang_radix_attention,42,27.027585,26.216757,27.838413,36.99778,37481,2446.859,17.7249
gemma4_e4b,4.0,samsum,rag,sglang_radix_attention_meritkv,42,26.728422,25.926569,27.530275,37.411885,38183,2427.9,18.6356
gemma4_e4b,4.0,samsum,rag,sglang_no_cache,123,32.101749,31.138697,33.064801,31.149725,0,3040.913,0.0
gemma4_e4b,4.0,samsum,rag,sglang_radix_attention,123,26.542101,25.745838,27.338364,36.466054,37481,2417.555,17.3188
gemma4_e4b,4.0,samsum,rag,sglang_radix_attention_meritkv,123,26.319188,25.529612,27.108764,37.993597,38183,2403.346,18.0132
gemma4_e4b,4.0,samsum,rag,sglang_no_cache,456,32.279233,31.310856,33.24761,30.978451,0,3057.627,0.0
gemma4_e4b,4.0,samsum,rag,sglang_radix_attention,456,26.544637,25.748298,27.340976,36.468831,37481,2417.708,17.7656
gemma4_e4b,4.0,samsum,rag,sglang_radix_attention_meritkv,456,26.243608,25.4563,27.030916,38.103018,38183,2398.519,18.6982
gemma4_e4b,4.0,samsum,rag,sglang_no_cache,789,32.277609,31.309281,33.245937,30.98001,0,3057.375,0.0
gemma4_e4b,4.0,samsum,rag,sglang_radix_attention,789,26.547173,25.750758,27.343588,36.471608,37481,2417.861,17.7536
gemma4_e4b,4.0,samsum,rag,sglang_radix_attention_meritkv,789,26.248222,25.460775,27.035669,38.096319,38183,2398.805,18.6798
gemma4_e4b,4.0,samsum,rag,sglang_no_cache,999,32.273822,31.305607,33.242037,30.983645,0,3056.954,0.0
gemma4_e4b,4.0,samsum,rag,sglang_radix_attention,999,26.548772,25.752309,27.345235,36.47336,37481,2417.957,17.739
gemma4_e4b,4.0,samsum,rag,sglang_radix_attention_meritkv,999,26.25237,25.464799,27.039941,38.0903,38183,2399.065,18.6574
gemma4_e4b,4.0,samsum,templated,sglang_no_cache,42,32.636766,31.657663,33.615869,30.639028,0,3060.191,0.0
gemma4_e4b,4.0,samsum,templated,sglang_radix_attention,42,27.015959,26.20548,27.826438,37.013633,34115,2435.726,17.2223
gemma4_e4b,4.0,samsum,templated,sglang_radix_attention_meritkv,42,26.808617,26.004358,27.612876,37.299901,34696,2422.64,17.8576
gemma4_e4b,4.0,samsum,templated,sglang_no_cache,123,32.071197,31.109061,33.033333,31.179341,0,3025.498,0.0
gemma4_e4b,4.0,samsum,templated,sglang_radix_attention,123,26.530684,25.734763,27.326605,36.48168,34115,2406.555,17.2757
gemma4_e4b,4.0,samsum,templated,sglang_radix_attention_meritkv,123,26.317861,25.528325,27.107397,37.995443,34696,2393.046,17.9393
gemma4_e4b,4.0,samsum,templated,sglang_no_cache,456,32.069556,31.107469,33.031643,31.180936,0,3025.245,0.0
gemma4_e4b,4.0,samsum,templated,sglang_radix_attention,456,26.533219,25.737222,27.329216,36.484458,34115,2406.707,17.2635
gemma4_e4b,4.0,samsum,templated,sglang_radix_attention_meritkv,456,26.322458,25.532784,27.112132,37.988808,34696,2393.329,17.9207
gemma4_e4b,4.0,samsum,templated,sglang_no_cache,789,32.246979,31.27957,33.214388,31.009379,0,3041.884,0.0
gemma4_e4b,4.0,samsum,templated,sglang_radix_attention,789,26.535754,25.739681,27.331827,36.487236,34115,2406.86,17.7109
gemma4_e4b,4.0,samsum,templated,sglang_radix_attention_meritkv,789,26.247809,25.460375,27.035243,38.096848,34696,2388.582,18.6038
gemma4_e4b,4.0,samsum,templated,sglang_no_cache,999,32.064117,31.102193,33.026041,31.186226,0,3024.573,0.0
gemma4_e4b,4.0,samsum,templated,sglang_radix_attention,999,26.537352,25.741231,27.333473,36.488988,34115,2406.956,17.2366
gemma4_e4b,4.0,samsum,templated,sglang_radix_attention_meritkv,999,26.331176,25.541241,27.121111,37.976229,34696,2393.87,17.8796
gemma4_e4b,4.0,xsum,rag,sglang_no_cache,42,38.361299,37.21046,39.512138,26.066948,0,4064.054,0.0
gemma4_e4b,4.0,xsum,rag,sglang_radix_attention,42,31.73083,30.778905,32.682755,31.513894,33320,3232.319,17.2843
gemma4_e4b,4.0,xsum,rag,sglang_radix_attention_meritkv,42,31.475308,30.531049,32.419567,31.76973,33875,3214.099,17.9504
gemma4_e4b,4.0,xsum,rag,sglang_no_cache,123,37.696511,36.565616,38.827406,26.526646,0,4017.978,0.0
gemma4_e4b,4.0,xsum,rag,sglang_radix_attention,123,31.160864,30.226038,32.09569,31.060982,33320,3193.608,17.3375
gemma4_e4b,4.0,xsum,rag,sglang_radix_attention_meritkv,123,30.899149,29.972175,31.826123,32.362122,33875,3174.837,18.0318
gemma4_e4b,4.0,xsum,rag,sglang_no_cache,456,37.69459,36.563752,38.825428,26.527998,0,4017.643,0.0
gemma4_e4b,4.0,xsum,rag,sglang_radix_attention,456,31.163841,30.228926,32.098756,31.063347,33320,3193.81,17.3254
gemma4_e4b,4.0,xsum,rag,sglang_radix_attention_meritkv,456,30.904538,29.977402,31.831674,32.356478,33875,3175.213,18.0133
gemma4_e4b,4.0,xsum,rag,sglang_no_cache,789,37.902976,36.765887,39.040065,26.382151,0,4039.724,0.0
gemma4_e4b,4.0,xsum,rag,sglang_radix_attention,789,31.166818,30.231813,32.101823,31.065713,33320,3194.012,17.7721
gemma4_e4b,4.0,xsum,rag,sglang_radix_attention_meritkv,789,30.817113,29.8926,31.741626,32.44827,33875,3168.931,18.6947
gemma4_e4b,4.0,xsum,rag,sglang_no_cache,999,37.688202,36.557556,38.818848,26.532495,0,4016.751,0.0
gemma4_e4b,4.0,xsum,rag,sglang_radix_attention,999,31.168696,30.233635,32.103757,31.067204,33320,3194.14,17.2985
gemma4_e4b,4.0,xsum,rag,sglang_radix_attention_meritkv,999,30.914763,29.98732,31.842206,32.345776,33875,3175.929,17.9723
gemma4_e4b,4.0,xsum,templated,sglang_no_cache,42,37.890745,36.754023,39.027467,26.390824,0,4059.31,0.0
gemma4_e4b,4.0,xsum,templated,sglang_radix_attention,42,31.213218,30.276821,32.149615,32.036683,29971,3215.321,17.6231
gemma4_e4b,4.0,xsum,templated,sglang_radix_attention_meritkv,42,30.897108,29.970195,31.824021,32.364452,30420,3192.527,18.4574
gemma4_e4b,4.0,xsum,templated,sglang_no_cache,123,37.234013,36.116993,38.351033,26.856304,0,4013.278,0.0
gemma4_e4b,4.0,xsum,templated,sglang_radix_attention,123,30.65255,29.732973,31.572127,31.576257,29971,3176.813,17.6759
gemma4_e4b,4.0,xsum,templated,sglang_radix_attention_meritkv,123,30.331635,29.421686,31.241584,32.967823,30420,3153.537,18.5378
gemma4_e4b,4.0,xsum,templated,sglang_no_cache,456,37.232137,36.115173,38.349101,26.857657,0,4012.946,0.0
gemma4_e4b,4.0,xsum,templated,sglang_radix_attention,456,30.655478,29.735814,31.575142,31.578662,29971,3177.014,17.6639
gemma4_e4b,4.0,xsum,templated,sglang_radix_attention_meritkv,456,30.336902,29.426795,31.247009,32.962099,30420,3153.909,18.5196
gemma4_e4b,4.0,xsum,templated,sglang_no_cache,789,37.437138,36.314024,38.560252,26.710588,0,4034.912,0.0
gemma4_e4b,4.0,xsum,templated,sglang_radix_attention,789,30.658407,29.738655,31.578159,31.581067,29971,3177.215,18.107
gemma4_e4b,4.0,xsum,templated,sglang_radix_attention_meritkv,789,30.251938,29.34438,31.159496,33.054675,30420,3147.735,19.1927
gemma4_e4b,4.0,xsum,templated,sglang_no_cache,999,37.225881,36.109105,38.342657,26.862171,0,4012.061,0.0
gemma4_e4b,4.0,xsum,templated,sglang_radix_attention,999,30.660254,29.740446,31.580062,31.582583,29971,3177.342,17.6373
gemma4_e4b,4.0,xsum,templated,sglang_radix_attention_meritkv,999,30.346886,29.436479,31.257293,32.951255,30420,3154.616,18.4791
gemma4_12b,12.0,ag_news,rag,sglang_no_cache,42,48.204047,46.757926,49.650168,20.744614,0,5933.204,0.0
gemma4_12b,12.0,ag_news,rag,sglang_radix_attention,42,39.691487,38.500742,40.882232,25.193673,30787,4697.533,17.6594
gemma4_12b,12.0,ag_news,rag,sglang_radix_attention_meritkv,42,39.124816,37.951072,40.29856,25.55857,31260,4650.587,18.835
gemma4_12b,12.0,ag_news,rag,sglang_no_cache,123,47.368598,45.94754,48.789656,21.110491,0,5865.926,0.0
gemma4_12b,12.0,ag_news,rag,sglang_radix_attention,123,38.978639,37.80928,40.147998,24.831594,30787,4641.274,17.7121
gemma4_12b,12.0,ag_news,rag,sglang_radix_attention_meritkv,123,38.402011,37.249951,39.554071,26.039635,31260,4593.229,18.9294
gemma4_12b,12.0,ag_news,rag,sglang_no_cache,456,47.366204,45.945218,48.78719,21.111557,0,5865.441,0.0
gemma4_12b,12.0,ag_news,rag,sglang_radix_attention,456,38.982363,37.812892,40.151834,24.833485,30787,4641.568,17.7
gemma4_12b,12.0,ag_news,rag,sglang_radix_attention_meritkv,456,38.410212,37.257906,39.562518,26.034075,31260,4593.897,18.908
gemma4_12b,12.0,ag_news,rag,sglang_no_cache,789,47.627312,46.198493,49.056131,20.995817,0,5897.584,0.0
gemma4_12b,12.0,ag_news,rag,sglang_radix_attention,789,38.986087,37.816504,40.15567,24.835376,30787,4641.861,18.1434
gemma4_12b,12.0,ag_news,rag,sglang_radix_attention_meritkv,789,38.245807,37.098433,39.393181,26.145987,31260,4580.18,19.6977
gemma4_12b,12.0,ag_news,rag,sglang_no_cache,999,47.358226,45.937479,48.778973,21.115114,0,5864.144,0.0
gemma4_12b,12.0,ag_news,rag,sglang_radix_attention,999,38.988436,37.818783,40.158089,24.836568,30787,4642.047,17.6734
gemma4_12b,12.0,ag_news,rag,sglang_radix_attention_meritkv,999,38.426255,37.273467,39.579043,26.023206,31260,4595.21,18.8604
gemma4_12b,12.0,ag_news,templated,sglang_no_cache,42,48.057642,46.615913,49.499371,20.80771,0,5913.369,0.0
gemma4_12b,12.0,ag_news,templated,sglang_radix_attention,42,39.687596,38.496968,40.878224,25.19602,28193,4695.631,17.4167
gemma4_12b,12.0,ag_news,templated,sglang_radix_attention_meritkv,42,39.218124,38.04158,40.394668,25.497636,28590,4656.749,18.3936
gemma4_12b,12.0,ag_news,templated,sglang_no_cache,123,47.224821,45.808076,48.641566,21.174659,0,5846.326,0.0
gemma4_12b,12.0,ag_news,templated,sglang_radix_attention,123,38.974818,37.805573,40.144063,24.833907,28193,4639.395,17.4696
gemma4_12b,12.0,ag_news,templated,sglang_radix_attention_meritkv,123,38.493827,37.339012,39.648642,25.977398,28590,4599.333,18.4881
gemma4_12b,12.0,ag_news,templated,sglang_no_cache,456,47.222414,45.805742,48.639086,21.175738,0,5845.84,0.0
gemma4_12b,12.0,ag_news,templated,sglang_radix_attention,456,38.978542,37.809186,40.147898,24.835798,28193,4639.688,17.4575
gemma4_12b,12.0,ag_news,templated,sglang_radix_attention_meritkv,456,38.501995,37.346935,39.657055,25.971887,28590,4599.999,18.4667
gemma4_12b,12.0,ag_news,templated,sglang_no_cache,789,47.483482,46.058978,48.907986,21.059312,0,5877.969,0.0
gemma4_12b,12.0,ag_news,templated,sglang_radix_attention,789,38.982265,37.812797,40.151733,24.83769,28193,4639.982,17.9035
gemma4_12b,12.0,ag_news,templated,sglang_radix_attention_meritkv,789,38.339153,37.188978,39.489328,26.0822,28590,4586.415,19.2579
gemma4_12b,12.0,ag_news,templated,sglang_no_cache,999,47.214415,45.797983,48.630847,21.179326,0,5844.543,0.0
gemma4_12b,12.0,ag_news,templated,sglang_radix_attention,999,38.984614,37.815076,40.154152,24.838882,28193,4640.167,17.4307
gemma4_12b,12.0,ag_news,templated,sglang_radix_attention_meritkv,999,38.517959,37.36242,39.673498,25.961123,28590,4601.304,18.4191
gemma4_12b,12.0,daily_dialog,rag,sglang_no_cache,42,49.896598,48.3997,51.393496,20.040944,0,6104.704,0.0
gemma4_12b,12.0,daily_dialog,rag,sglang_radix_attention,42,40.851345,39.625805,42.076885,24.478384,37954,4805.811,18.128
gemma4_12b,12.0,daily_dialog,rag,sglang_radix_attention_meritkv,42,40.06267,38.86079,41.26455,24.960267,38674,4740.864,19.7086
gemma4_12b,12.0,daily_dialog,rag,sglang_no_cache,123,49.031636,47.560687,50.502585,20.394484,0,6035.459,0.0
gemma4_12b,12.0,daily_dialog,rag,sglang_radix_attention,123,40.117667,38.914137,41.321197,24.126585,37954,4748.255,18.18
gemma4_12b,12.0,daily_dialog,rag,sglang_radix_attention_meritkv,123,39.321913,38.142256,40.50157,25.430475,38674,4682.344,19.803
gemma4_12b,12.0,daily_dialog,rag,sglang_no_cache,456,49.029194,47.558318,50.50007,20.3955,0,6034.964,0.0
gemma4_12b,12.0,daily_dialog,rag,sglang_radix_attention,456,40.121499,38.917854,41.325144,24.128422,37954,4748.556,18.1681
gemma4_12b,12.0,daily_dialog,rag,sglang_radix_attention_meritkv,456,39.330456,38.150542,40.51037,25.424951,38674,4683.037,19.7816
gemma4_12b,12.0,daily_dialog,rag,sglang_no_cache,789,49.026756,47.555953,50.497559,20.396514,0,6034.469,0.0
gemma4_12b,12.0,daily_dialog,rag,sglang_radix_attention,789,40.125332,38.921572,41.329092,24.13026,37954,4748.856,18.1563
gemma4_12b,12.0,daily_dialog,rag,sglang_radix_attention_meritkv,789,39.338997,38.158827,40.519167,25.419431,38674,4683.729,19.7601
gemma4_12b,12.0,daily_dialog,rag,sglang_no_cache,999,49.021026,47.550395,50.491657,20.398898,0,6033.641,0.0
gemma4_12b,12.0,daily_dialog,rag,sglang_radix_attention,999,40.127749,38.923917,41.331581,24.131418,37954,4749.046,18.1418
gemma4_12b,12.0,daily_dialog,rag,sglang_radix_attention_meritkv,999,39.347198,38.166782,40.527614,25.414133,38674,4684.4,19.734
gemma4_12b,12.0,daily_dialog,templated,sglang_no_cache,42,49.742876,48.25059,51.235162,20.102853,0,6059.577,0.0
gemma4_12b,12.0,daily_dialog,templated,sglang_radix_attention,42,40.844867,39.619521,42.070213,24.482237,34581,4784.269,17.888
gemma4_12b,12.0,daily_dialog,templated,sglang_radix_attention_meritkv,42,40.16226,38.957392,41.367128,24.898343,35178,4728.3,19.2603
gemma4_12b,12.0,daily_dialog,templated,sglang_no_cache,123,48.88067,47.41425,50.34709,20.457447,0,5990.855,0.0
gemma4_12b,12.0,daily_dialog,templated,sglang_radix_attention,123,40.111305,38.907966,41.314644,24.130383,34581,4726.971,17.9404
gemma4_12b,12.0,daily_dialog,templated,sglang_radix_attention_meritkv,123,39.419963,38.237364,40.602562,25.367191,35178,4669.958,19.3547
gemma4_12b,12.0,daily_dialog,templated,sglang_no_cache,456,48.878215,47.411869,50.344561,20.458475,0,5990.361,0.0
gemma4_12b,12.0,daily_dialog,templated,sglang_radix_attention,456,40.115137,38.911683,41.318591,24.13222,34581,4727.27,17.9284
gemma4_12b,12.0,daily_dialog,templated,sglang_radix_attention_meritkv,456,39.428459,38.245605,40.611313,25.361725,35178,4670.644,19.3333
gemma4_12b,12.0,daily_dialog,templated,sglang_no_cache,789,48.875763,47.40949,50.342036,20.459501,0,5989.868,0.0
gemma4_12b,12.0,daily_dialog,templated,sglang_radix_attention,789,40.118969,38.9154,41.322538,24.134058,34581,4727.569,17.9164
gemma4_12b,12.0,daily_dialog,templated,sglang_radix_attention_meritkv,789,39.436952,38.253843,40.620061,25.356262,35178,4671.329,19.3118
gemma4_12b,12.0,daily_dialog,templated,sglang_no_cache,999,48.870026,47.403925,50.336127,20.461903,0,5989.043,0.0
gemma4_12b,12.0,daily_dialog,templated,sglang_radix_attention,999,40.121386,38.917744,41.325028,24.135217,34581,4727.758,17.9019
gemma4_12b,12.0,daily_dialog,templated,sglang_radix_attention_meritkv,999,39.445091,38.261738,40.628444,25.351031,35178,4671.991,19.2857
gemma4_12b,12.0,dolly,rag,sglang_no_cache,42,49.98257,48.483093,51.482047,20.006434,0,6142.008,0.0
gemma4_12b,12.0,dolly,rag,sglang_radix_attention,42,40.972518,39.743342,42.201694,24.405944,33578,4841.179,18.0264
gemma4_12b,12.0,dolly,rag,sglang_radix_attention_meritkv,42,40.234448,39.027415,41.441481,24.853653,34141,4780.133,19.503
gemma4_12b,12.0,dolly,rag,sglang_no_cache,123,49.116157,47.642672,50.589642,20.359349,0,6072.345,0.0
gemma4_12b,12.0,dolly,rag,sglang_radix_attention,123,40.236663,39.029563,41.443763,24.055186,33578,4783.199,18.0786
gemma4_12b,12.0,dolly,rag,sglang_radix_attention_meritkv,123,39.490861,38.306135,40.675587,25.32163,34141,4721.156,19.597
gemma4_12b,12.0,dolly,rag,sglang_no_cache,456,48.798006,47.334066,50.261946,20.492087,0,6032.817,0.0
gemma4_12b,12.0,dolly,rag,sglang_radix_attention,456,40.240508,39.033293,41.447723,24.057018,33578,4783.502,17.5366
gemma4_12b,12.0,dolly,rag,sglang_radix_attention_meritkv,456,39.708195,38.516949,40.899441,25.183038,34141,4739.226,18.6274
gemma4_12b,12.0,dolly,rag,sglang_no_cache,789,48.795524,47.331658,50.25939,20.493129,0,6032.316,0.0
gemma4_12b,12.0,dolly,rag,sglang_radix_attention,789,40.244352,39.037021,41.451683,24.05885,33578,4783.805,17.5245
gemma4_12b,12.0,dolly,rag,sglang_radix_attention_meritkv,789,39.716714,38.525213,40.908215,25.177636,34141,4739.919,18.6058
gemma4_12b,12.0,dolly,rag,sglang_no_cache,999,49.1055,47.632335,50.578665,20.363767,0,6070.513,0.0
gemma4_12b,12.0,dolly,rag,sglang_radix_attention,999,40.246776,39.039373,41.454179,24.060005,33578,4783.996,18.0402
gemma4_12b,12.0,dolly,rag,sglang_radix_attention_meritkv,999,39.516001,38.330521,40.701481,25.305521,34141,4723.208,19.5284
gemma4_12b,12.0,dolly,templated,sglang_no_cache,42,49.425402,47.94264,50.908164,20.231951,0,6104.317,0.0
gemma4_12b,12.0,dolly,templated,sglang_radix_attention,42,40.536796,39.320692,41.7529,24.668262,29429,4813.965,17.9839
gemma4_12b,12.0,dolly,templated,sglang_radix_attention_meritkv,42,39.833866,38.63885,41.028882,25.103571,29862,4755.531,19.4061
gemma4_12b,12.0,dolly,templated,sglang_no_cache,123,48.299595,46.850607,49.748583,20.703534,0,6001.649,0.0
gemma4_12b,12.0,dolly,templated,sglang_radix_attention,123,39.808767,38.614504,41.00303,24.313734,29429,4756.311,17.5795
gemma4_12b,12.0,dolly,templated,sglang_radix_attention_meritkv,123,39.273405,38.095203,40.451607,25.461819,29862,4711.554,18.6879
gemma4_12b,12.0,dolly,templated,sglang_no_cache,456,48.566236,47.109249,50.023223,20.589866,0,6034.587,0.0
gemma4_12b,12.0,dolly,templated,sglang_radix_attention,456,39.81257,38.618193,41.006947,24.315586,29429,4756.612,18.0242
gemma4_12b,12.0,dolly,templated,sglang_radix_attention_meritkv,456,39.106338,37.933148,40.279528,25.570594,29862,4697.566,19.4783
gemma4_12b,12.0,dolly,templated,sglang_no_cache,789,48.563804,47.10689,50.020718,20.590898,0,6034.09,0.0
gemma4_12b,12.0,dolly,templated,sglang_radix_attention,789,39.816373,38.621882,41.010864,24.317437,29429,4756.914,18.0122
gemma4_12b,12.0,dolly,templated,sglang_radix_attention_meritkv,789,39.114684,37.941243,40.288125,25.565138,29862,4698.249,19.4571
gemma4_12b,12.0,dolly,templated,sglang_no_cache,999,48.288982,46.840313,49.737651,20.708084,0,5999.821,0.0
gemma4_12b,12.0,dolly,templated,sglang_radix_attention,999,39.818772,38.624209,41.013335,24.318605,29429,4757.103,17.5407
gemma4_12b,12.0,dolly,templated,sglang_radix_attention_meritkv,999,39.298107,38.119164,40.47705,25.445813,29862,4713.579,18.6189
gemma4_12b,12.0,samsum,rag,sglang_no_cache,42,52.917258,51.32974,54.504776,18.896883,0,6895.575,0.0
gemma4_12b,12.0,samsum,rag,sglang_radix_attention,42,43.391882,42.090126,44.693638,23.045123,37475,5436.862,18.0005
gemma4_12b,12.0,samsum,rag,sglang_radix_attention_meritkv,42,42.610789,41.332465,43.889113,23.46756,38177,5368.354,19.4766
gemma4_12b,12.0,samsum,rag,sglang_no_cache,123,51.999984,50.439984,53.559984,19.230222,0,6817.366,0.0
gemma4_12b,12.0,samsum,rag,sglang_radix_attention,123,42.612576,41.334199,43.890953,22.713923,37475,5371.748,18.0527
gemma4_12b,12.0,samsum,rag,sglang_radix_attention_meritkv,123,41.822985,40.568295,43.077675,23.90961,38177,5302.093,19.5712
gemma4_12b,12.0,samsum,rag,sglang_no_cache,456,51.997388,50.437466,53.55731,19.231183,0,6816.806,0.0
gemma4_12b,12.0,samsum,rag,sglang_radix_attention,456,42.616648,41.338149,43.895147,22.715652,37475,5372.088,18.0408
gemma4_12b,12.0,samsum,rag,sglang_radix_attention_meritkv,456,41.832053,40.577091,43.087015,23.904427,38177,5302.876,19.5497
gemma4_12b,12.0,samsum,rag,sglang_no_cache,789,51.994785,50.434941,53.554629,19.232145,0,6816.245,0.0
gemma4_12b,12.0,samsum,rag,sglang_radix_attention,789,42.620719,41.342097,43.899341,22.717382,37475,5372.428,18.0289
gemma4_12b,12.0,samsum,rag,sglang_radix_attention_meritkv,789,41.841125,40.585891,43.096359,23.899244,38177,5303.66,19.5282
gemma4_12b,12.0,samsum,rag,sglang_no_cache,999,51.988694,50.429033,53.548355,19.234398,0,6815.308,0.0
gemma4_12b,12.0,samsum,rag,sglang_radix_attention,999,42.623286,41.344587,43.901985,22.718473,37475,5372.643,18.0143
gemma4_12b,12.0,samsum,rag,sglang_radix_attention_meritkv,999,41.849829,40.594334,43.105324,23.894273,38177,5304.417,19.5021
gemma4_12b,12.0,samsum,templated,sglang_no_cache,42,52.676262,51.095974,54.25655,18.98334,0,6922.347,0.0
gemma4_12b,12.0,samsum,templated,sglang_radix_attention,42,43.321079,42.021447,44.620711,23.08279,34110,5473.994,17.7598
gemma4_12b,12.0,samsum,templated,sglang_radix_attention_meritkv,42,42.652796,41.373212,43.93238,23.44445,34691,5414.884,19.0284
gemma4_12b,12.0,samsum,templated,sglang_no_cache,123,51.763263,50.210365,53.316161,19.318167,0,6843.847,0.0
gemma4_12b,12.0,samsum,templated,sglang_radix_attention,123,42.543045,41.266754,43.819336,22.751048,34110,5408.436,17.8123
gemma4_12b,12.0,samsum,templated,sglang_radix_attention_meritkv,123,41.864533,40.608597,43.120469,23.885884,34691,5348.075,19.1231
gemma4_12b,12.0,samsum,templated,sglang_no_cache,456,51.760656,50.207836,53.313476,19.31914,0,6843.282,0.0
gemma4_12b,12.0,samsum,templated,sglang_radix_attention,456,42.547109,41.270696,43.823522,22.752781,34110,5408.778,17.8003
gemma4_12b,12.0,samsum,templated,sglang_radix_attention_meritkv,456,41.873537,40.617331,43.129743,23.880747,34691,5348.859,19.1016
gemma4_12b,12.0,samsum,templated,sglang_no_cache,789,51.758043,50.205302,53.310784,19.320115,0,6842.716,0.0
gemma4_12b,12.0,samsum,templated,sglang_radix_attention,789,42.551174,41.274639,43.827709,22.754513,34110,5409.12,17.7883
gemma4_12b,12.0,samsum,templated,sglang_radix_attention_meritkv,789,41.882546,40.62607,43.139022,23.875611,34691,5349.643,19.0801
gemma4_12b,12.0,samsum,templated,sglang_no_cache,999,51.751953,50.199394,53.304512,19.322389,0,6841.771,0.0
gemma4_12b,12.0,samsum,templated,sglang_radix_attention,999,42.553737,41.277125,43.830349,22.755606,34110,5409.336,17.7737
gemma4_12b,12.0,samsum,templated,sglang_radix_attention_meritkv,999,41.891171,40.634436,43.147906,23.870695,34691,5350.4,19.0539
gemma4_12b,12.0,xsum,rag,sglang_no_cache,42,62.790277,60.906569,64.673985,15.92566,0,9100.582,0.0
gemma4_12b,12.0,xsum,rag,sglang_radix_attention,42,51.764746,50.211804,53.317688,19.317715,33318,7214.023,17.5593
gemma4_12b,12.0,xsum,rag,sglang_radix_attention_meritkv,42,51.069573,49.537486,52.60166,19.580673,33873,7146.207,18.6664
gemma4_12b,12.0,xsum,rag,sglang_no_cache,123,61.702076,59.851014,63.553138,16.206531,0,8997.395,0.0
gemma4_12b,12.0,xsum,rag,sglang_radix_attention,123,50.835066,49.310014,52.360118,19.040084,33318,7127.625,17.6121
gemma4_12b,12.0,xsum,rag,sglang_radix_attention_meritkv,123,50.125885,48.622108,51.629662,19.949306,33873,7058.048,18.7614
gemma4_12b,12.0,xsum,rag,sglang_no_cache,456,61.698941,59.847973,63.549909,16.207355,0,8996.648,0.0
gemma4_12b,12.0,xsum,rag,sglang_radix_attention,456,50.839923,49.314725,52.365121,19.041534,33318,7128.077,17.6
gemma4_12b,12.0,xsum,rag,sglang_radix_attention_meritkv,456,50.136642,48.632543,51.640741,19.945026,33873,7059.08,18.7399
gemma4_12b,12.0,xsum,rag,sglang_no_cache,789,61.69581,59.844936,63.546684,16.208177,0,8995.902,0.0
gemma4_12b,12.0,xsum,rag,sglang_radix_attention,789,50.84478,49.319437,52.370123,19.042984,33318,7128.528,17.588
gemma4_12b,12.0,xsum,rag,sglang_radix_attention_meritkv,789,50.147396,48.642974,51.651818,19.940748,33873,7060.112,18.7183
gemma4_12b,12.0,xsum,rag,sglang_no_cache,999,61.688524,59.837868,63.53918,16.210091,0,8994.656,0.0
gemma4_12b,12.0,xsum,rag,sglang_radix_attention,999,50.847842,49.322407,52.373277,19.043898,33318,7128.812,17.5733
gemma4_12b,12.0,xsum,rag,sglang_radix_attention_meritkv,999,50.157688,48.652957,51.662419,19.936657,33873,7061.108,18.692
gemma4_12b,12.0,xsum,templated,sglang_no_cache,42,62.61476,60.736317,64.493203,15.970249,0,9133.617,0.0
gemma4_12b,12.0,xsum,templated,sglang_radix_attention,42,51.154701,49.62006,52.689342,19.548024,29970,7174.94,18.3025
gemma4_12b,12.0,xsum,templated,sglang_radix_attention_meritkv,42,50.107076,48.603864,51.610288,19.956729,30419,7072.082,19.9756
gemma4_12b,12.0,xsum,templated,sglang_no_cache,123,60.795585,58.971717,62.619453,16.448124,0,8922.331,0.0
gemma4_12b,12.0,xsum,templated,sglang_radix_attention,123,50.235977,48.728898,51.743056,19.267083,29970,7089.011,17.369
gemma4_12b,12.0,xsum,templated,sglang_radix_attention_meritkv,123,49.660491,48.170676,51.150306,20.136195,30419,7032.19,18.3156
gemma4_12b,12.0,xsum,templated,sglang_no_cache,456,60.79247,58.968696,62.616244,16.448967,0,8921.587,0.0
gemma4_12b,12.0,xsum,templated,sglang_radix_attention,456,50.240777,48.733554,51.748,19.26855,29970,7089.459,17.3569
gemma4_12b,12.0,xsum,templated,sglang_radix_attention_meritkv,456,49.671064,48.180932,51.161196,20.131909,30419,7033.211,18.2941
gemma4_12b,12.0,xsum,templated,sglang_no_cache,789,60.789359,58.965678,62.61304,16.449809,0,8920.843,0.0
gemma4_12b,12.0,xsum,templated,sglang_radix_attention,789,50.245576,48.738209,51.752943,19.270018,29970,7089.908,17.3448
gemma4_12b,12.0,xsum,templated,sglang_radix_attention_meritkv,789,49.681634,48.191185,51.172083,20.127625,30419,7034.232,18.2725
gemma4_12b,12.0,xsum,templated,sglang_no_cache,999,61.515991,59.670511,63.361471,16.255502,0,9027.292,0.0
gemma4_12b,12.0,xsum,templated,sglang_radix_attention,999,50.248603,48.741145,51.756061,19.270943,29970,7090.191,18.3162
gemma4_12b,12.0,xsum,templated,sglang_radix_attention_meritkv,999,49.21241,47.736038,50.688782,20.319536,30419,6987.871,20.0006
gemma4_26b_a4b,26.0,ag_news,rag,sglang_no_cache,42,47.629574,46.200687,49.058461,20.994785,0,4352.238,0.0
gemma4_26b_a4b,26.0,ag_news,rag,sglang_radix_attention,42,38.895248,37.728391,40.062105,25.709379,30787,3417.426,18.338
gemma4_26b_a4b,26.0,ag_news,rag,sglang_radix_attention_meritkv,42,38.286252,37.137664,39.43484,26.118322,31260,3379.971,19.6166
gemma4_26b_a4b,26.0,ag_news,rag,sglang_no_cache,123,46.803883,45.399767,48.207999,21.365165,0,4302.868,0.0
gemma4_26b_a4b,26.0,ag_news,rag,sglang_radix_attention,123,38.19681,37.050906,39.342714,25.339888,30787,3376.498,18.3897
gemma4_26b_a4b,26.0,ag_news,rag,sglang_radix_attention_meritkv,123,37.582825,36.45534,38.71031,26.607172,31260,3338.525,19.7015
gemma4_26b_a4b,26.0,ag_news,rag,sglang_no_cache,456,46.501375,45.106334,47.896416,21.504153,0,4274.92,0.0
gemma4_26b_a4b,26.0,ag_news,rag,sglang_radix_attention,456,38.200459,37.054445,39.346473,25.341818,30787,3376.712,17.8509
gemma4_26b_a4b,26.0,ag_news,rag,sglang_radix_attention_meritkv,456,37.747021,36.61461,38.879432,26.491433,31260,3348.674,18.826
gemma4_26b_a4b,26.0,ag_news,rag,sglang_no_cache,789,46.499025,45.104054,47.893996,21.505239,0,4274.566,0.0
gemma4_26b_a4b,26.0,ag_news,rag,sglang_radix_attention,789,38.204109,37.057986,39.350232,25.343748,30787,3376.925,17.8389
gemma4_26b_a4b,26.0,ag_news,rag,sglang_radix_attention_meritkv,789,37.754181,36.621556,38.886806,26.486409,31260,3349.106,18.8065
gemma4_26b_a4b,26.0,ag_news,rag,sglang_no_cache,999,46.793776,45.389963,48.197589,21.36978,0,4301.574,0.0
gemma4_26b_a4b,26.0,ag_news,rag,sglang_radix_attention,999,38.20641,37.060218,39.352602,25.344965,30787,3377.06,18.3515
gemma4_26b_a4b,26.0,ag_news,rag,sglang_radix_attention_meritkv,999,37.603713,36.475602,38.731824,26.592392,31260,3339.789,19.6395
gemma4_26b_a4b,26.0,ag_news,templated,sglang_no_cache,42,47.583981,46.156462,49.0115,21.014887,0,4350.127,0.0
gemma4_26b_a4b,26.0,ag_news,templated,sglang_radix_attention,42,38.971814,37.80266,40.140968,25.658852,28193,3425.772,18.0989
gemma4_26b_a4b,26.0,ag_news,templated,sglang_radix_attention_meritkv,42,38.439443,37.28626,39.592626,26.014217,28590,3393.014,19.2177
gemma4_26b_a4b,26.0,ag_news,templated,sglang_no_cache,123,46.759168,45.356393,48.161943,21.385582,0,4300.79,0.0
gemma4_26b_a4b,26.0,ag_news,templated,sglang_radix_attention,123,38.272001,37.123841,39.420161,25.290087,28193,3384.744,18.1508
gemma4_26b_a4b,26.0,ag_news,templated,sglang_radix_attention_meritkv,123,37.733376,36.601375,38.865377,26.500995,28590,3351.418,19.3027
gemma4_26b_a4b,26.0,ag_news,templated,sglang_no_cache,456,46.456052,45.06237,47.849734,21.525118,0,4272.772,0.0
gemma4_26b_a4b,26.0,ag_news,templated,sglang_radix_attention,456,38.275658,37.127388,39.423928,25.292013,28193,3384.958,17.6089
gemma4_26b_a4b,26.0,ag_news,templated,sglang_radix_attention_meritkv,456,37.896431,36.759538,39.033324,26.386971,28590,3361.501,18.4252
gemma4_26b_a4b,26.0,ag_news,templated,sglang_no_cache,789,46.453684,45.060073,47.847295,21.526215,0,4272.417,0.0
gemma4_26b_a4b,26.0,ag_news,templated,sglang_radix_attention,789,38.279314,37.130935,39.427693,25.293939,28193,3385.172,17.5968
gemma4_26b_a4b,26.0,ag_news,templated,sglang_radix_attention_meritkv,789,37.903579,36.766472,39.040686,26.381994,28590,3361.932,18.4057
gemma4_26b_a4b,26.0,ag_news,templated,sglang_no_cache,999,46.749006,45.346536,48.151476,21.39023,0,4299.49,0.0
gemma4_26b_a4b,26.0,ag_news,templated,sglang_radix_attention,999,38.28162,37.133171,39.430069,25.295154,28193,3385.307,18.1124
gemma4_26b_a4b,26.0,ag_news,templated,sglang_radix_attention_meritkv,999,37.75422,36.621593,38.886847,26.486364,28590,3352.68,19.2406
gemma4_26b_a4b,26.0,daily_dialog,rag,sglang_no_cache,42,47.803031,46.36894,49.237122,20.918579,0,4373.6,0.0
gemma4_26b_a4b,26.0,daily_dialog,rag,sglang_radix_attention,42,39.408138,38.225894,40.590382,25.374746,37954,3466.859,17.5614
gemma4_26b_a4b,26.0,daily_dialog,rag,sglang_radix_attention_meritkv,42,39.019366,37.848785,40.189947,25.627569,38674,3442.918,18.3747
gemma4_26b_a4b,26.0,daily_dialog,rag,sglang_no_cache,123,46.974614,45.565376,48.383852,21.287487,0,4324.014,0.0
gemma4_26b_a4b,26.0,daily_dialog,rag,sglang_radix_attention,123,38.70049,37.539475,39.861505,25.010065,37954,3425.339,17.614
gemma4_26b_a4b,26.0,daily_dialog,rag,sglang_radix_attention_meritkv,123,38.302164,37.153099,39.451229,26.107441,38674,3400.68,18.462
gemma4_26b_a4b,26.0,daily_dialog,rag,sglang_no_cache,456,46.972221,45.563054,48.381388,21.288572,0,4323.654,0.0
gemma4_26b_a4b,26.0,daily_dialog,rag,sglang_radix_attention,456,38.704188,37.543062,39.865314,25.011969,37954,3425.556,17.602
gemma4_26b_a4b,26.0,daily_dialog,rag,sglang_radix_attention_meritkv,456,38.309515,37.16023,39.4588,26.102432,38674,3401.124,18.4422
gemma4_26b_a4b,26.0,daily_dialog,rag,sglang_no_cache,789,47.231878,45.814922,48.648834,21.171538,0,4347.415,0.0
gemma4_26b_a4b,26.0,daily_dialog,rag,sglang_radix_attention,789,38.707885,37.546648,39.869122,25.013874,37954,3425.772,18.0471
gemma4_26b_a4b,26.0,daily_dialog,rag,sglang_radix_attention_meritkv,789,38.176299,37.03101,39.321588,26.193516,38674,3392.859,19.1726
gemma4_26b_a4b,26.0,daily_dialog,rag,sglang_no_cache,999,46.964266,45.555338,48.373194,21.292178,0,4322.695,0.0
gemma4_26b_a4b,26.0,daily_dialog,rag,sglang_radix_attention,999,38.710217,37.54891,39.871524,25.015075,37954,3425.909,17.5752
gemma4_26b_a4b,26.0,daily_dialog,rag,sglang_radix_attention_meritkv,999,38.323674,37.173964,39.473384,26.092787,38674,3401.982,18.3982
gemma4_26b_a4b,26.0,daily_dialog,templated,sglang_no_cache,42,48.246492,46.799097,49.693887,20.726276,0,4383.465,0.0
gemma4_26b_a4b,26.0,daily_dialog,templated,sglang_radix_attention,42,39.414595,38.232157,40.597033,25.370554,34581,3443.305,18.3058
gemma4_26b_a4b,26.0,daily_dialog,templated,sglang_radix_attention_meritkv,42,38.799309,37.63533,39.963288,25.772884,35178,3405.679,19.5811
gemma4_26b_a4b,26.0,daily_dialog,templated,sglang_no_cache,123,47.410118,45.987814,48.832422,21.091913,0,4333.742,0.0
gemma4_26b_a4b,26.0,daily_dialog,templated,sglang_radix_attention,123,38.706831,37.545626,39.868036,25.005933,34581,3402.067,18.3574
gemma4_26b_a4b,26.0,daily_dialog,templated,sglang_radix_attention_meritkv,123,38.086244,36.943657,39.228831,26.255414,35178,3363.904,19.6664
gemma4_26b_a4b,26.0,daily_dialog,templated,sglang_no_cache,456,47.407765,45.985532,48.829998,21.09296,0,4333.387,0.0
gemma4_26b_a4b,26.0,daily_dialog,templated,sglang_radix_attention,456,38.710529,37.549213,39.871845,25.007837,34581,3402.282,18.3456
gemma4_26b_a4b,26.0,daily_dialog,templated,sglang_radix_attention_meritkv,456,38.093532,36.950726,39.236338,26.250391,35178,3364.342,19.6471
gemma4_26b_a4b,26.0,daily_dialog,templated,sglang_no_cache,789,47.101186,45.68815,48.514222,21.230253,0,4305.225,0.0
gemma4_26b_a4b,26.0,daily_dialog,templated,sglang_radix_attention,789,38.714227,37.5528,39.875654,25.009741,34581,3402.498,17.8063
gemma4_26b_a4b,26.0,daily_dialog,templated,sglang_radix_attention_meritkv,789,38.262115,37.114252,39.409978,26.134732,35178,3374.703,18.7661
gemma4_26b_a4b,26.0,daily_dialog,templated,sglang_no_cache,999,47.399875,45.977879,48.821871,21.096471,0,4332.438,0.0
gemma4_26b_a4b,26.0,daily_dialog,templated,sglang_radix_attention,999,38.716559,37.555062,39.878056,25.010942,34581,3402.633,18.3193
gemma4_26b_a4b,26.0,daily_dialog,templated,sglang_radix_attention_meritkv,999,38.107564,36.964337,39.250791,26.240725,35178,3365.187,19.6041
gemma4_26b_a4b,26.0,dolly,rag,sglang_no_cache,42,48.391973,46.940214,49.843732,20.664051,0,4358.746,0.0
gemma4_26b_a4b,26.0,dolly,rag,sglang_radix_attention,42,39.72025,38.528642,40.911858,25.175425,33578,3440.067,17.9198
gemma4_26b_a4b,26.0,dolly,rag,sglang_radix_attention_meritkv,42,39.223169,38.046474,40.399864,25.494477,34141,3409.931,18.947
gemma4_26b_a4b,26.0,dolly,rag,sglang_no_cache,123,47.553221,46.126624,48.979818,21.028527,0,4309.317,0.0
gemma4_26b_a4b,26.0,dolly,rag,sglang_radix_attention,123,39.006998,37.836788,40.177208,24.813608,33578,3398.868,17.9719
gemma4_26b_a4b,26.0,dolly,rag,sglang_radix_attention_meritkv,123,38.502421,37.347348,39.657494,25.971722,34141,3368.111,19.033
gemma4_26b_a4b,26.0,dolly,rag,sglang_no_cache,456,47.550824,46.124299,48.977349,21.029587,0,4308.961,0.0
gemma4_26b_a4b,26.0,dolly,rag,sglang_radix_attention,456,39.010724,37.840402,40.181046,24.815498,33578,3399.083,17.9599
gemma4_26b_a4b,26.0,dolly,rag,sglang_radix_attention_meritkv,456,38.509766,37.354473,39.665059,25.966768,34141,3368.548,19.0135
gemma4_26b_a4b,26.0,dolly,rag,sglang_no_cache,789,47.54843,46.121977,48.974883,21.030646,0,4308.605,0.0
gemma4_26b_a4b,26.0,dolly,rag,sglang_radix_attention,789,39.014451,37.844017,40.184885,24.817387,33578,3399.298,17.948
gemma4_26b_a4b,26.0,dolly,rag,sglang_radix_attention_meritkv,789,38.51711,37.361597,39.672623,25.961817,34141,3368.984,18.9939
gemma4_26b_a4b,26.0,dolly,rag,sglang_no_cache,999,47.542838,46.116553,48.969123,21.033119,0,4308.011,0.0
gemma4_26b_a4b,26.0,dolly,rag,sglang_radix_attention,999,39.016801,37.846297,40.187305,24.818579,33578,3399.434,17.9334
gemma4_26b_a4b,26.0,dolly,rag,sglang_radix_attention_meritkv,999,38.523898,37.368181,39.679615,25.957243,34141,3369.391,18.9701
gemma4_26b_a4b,26.0,dolly,templated,sglang_no_cache,42,47.883655,46.447145,49.320165,20.883366,0,4330.859,0.0
gemma4_26b_a4b,26.0,dolly,templated,sglang_radix_attention,42,39.418714,38.236153,40.601275,25.367948,29429,3428.119,17.6781
gemma4_26b_a4b,26.0,dolly,templated,sglang_radix_attention_meritkv,42,39.005946,37.835768,40.176124,25.636396,29862,3402.991,18.5402
gemma4_26b_a4b,26.0,dolly,templated,sglang_no_cache,123,47.053803,45.642189,48.465417,21.25167,0,4281.754,0.0
gemma4_26b_a4b,26.0,dolly,templated,sglang_radix_attention,123,38.710876,37.54955,39.872202,25.003364,29429,3387.063,17.7306
gemma4_26b_a4b,26.0,dolly,templated,sglang_radix_attention_meritkv,123,38.289455,37.140771,39.438139,26.116117,29862,3361.271,18.6262
gemma4_26b_a4b,26.0,dolly,templated,sglang_no_cache,456,47.05141,45.639868,48.462952,21.252751,0,4281.399,0.0
gemma4_26b_a4b,26.0,dolly,templated,sglang_radix_attention,456,38.714575,37.553138,39.876012,25.005268,29429,3387.277,17.7186
gemma4_26b_a4b,26.0,dolly,templated,sglang_radix_attention_meritkv,456,38.2967,37.147799,39.445601,26.111177,29862,3361.704,18.6067
gemma4_26b_a4b,26.0,dolly,templated,sglang_no_cache,789,47.049021,45.63755,48.460492,21.25383,0,4281.043,0.0
gemma4_26b_a4b,26.0,dolly,templated,sglang_radix_attention,789,38.718273,37.556725,39.879821,25.007172,29429,3387.492,17.7065
gemma4_26b_a4b,26.0,dolly,templated,sglang_radix_attention_meritkv,789,38.303942,37.154824,39.45306,26.106239,29862,3362.136,18.5872
gemma4_26b_a4b,26.0,dolly,templated,sglang_no_cache,999,47.043464,45.63216,48.454768,21.256341,0,4280.451,0.0
gemma4_26b_a4b,26.0,dolly,templated,sglang_radix_attention,999,38.720605,37.558987,39.882223,25.008373,29429,3387.627,17.6918
gemma4_26b_a4b,26.0,dolly,templated,sglang_radix_attention_meritkv,999,38.310619,37.1613,39.459938,26.101689,29862,3362.538,18.5634
gemma4_26b_a4b,26.0,samsum,rag,sglang_no_cache,42,54.306794,52.67759,55.935998,18.413387,0,5348.545,0.0
gemma4_26b_a4b,26.0,samsum,rag,sglang_radix_attention,42,44.476827,43.142522,45.811132,22.482989,37475,4211.938,18.1008
gemma4_26b_a4b,26.0,samsum,rag,sglang_radix_attention_meritkv,42,43.848492,42.533037,45.163947,22.805163,38177,4170.286,19.2578
gemma4_26b_a4b,26.0,samsum,rag,sglang_no_cache,123,53.069743,51.477651,54.661835,18.842601,0,5258.583,0.0
gemma4_26b_a4b,26.0,samsum,rag,sglang_radix_attention,123,43.678161,42.367816,44.988506,22.159867,37475,4161.494,17.6967
gemma4_26b_a4b,26.0,samsum,rag,sglang_radix_attention_meritkv,123,43.200833,41.904808,44.496858,23.147054,38177,4129.684,18.5961
gemma4_26b_a4b,26.0,samsum,rag,sglang_no_cache,456,53.362775,51.761892,54.963658,18.739131,0,5287.449,0.0
gemma4_26b_a4b,26.0,samsum,rag,sglang_radix_attention,456,43.682334,42.371864,44.992804,22.161555,37475,4161.758,18.1408
gemma4_26b_a4b,26.0,samsum,rag,sglang_radix_attention_meritkv,456,43.05075,41.759228,44.342272,23.227749,38177,4119.66,19.3244
gemma4_26b_a4b,26.0,samsum,rag,sglang_no_cache,789,53.360106,51.759303,54.960909,18.740068,0,5287.014,0.0
gemma4_26b_a4b,26.0,samsum,rag,sglang_radix_attention,789,43.686507,42.375912,44.997102,22.163242,37475,4162.021,18.1289
gemma4_26b_a4b,26.0,samsum,rag,sglang_radix_attention_meritkv,789,43.059022,41.767251,44.350793,23.223287,38177,4120.199,19.3048
gemma4_26b_a4b,26.0,samsum,rag,sglang_no_cache,999,53.058072,51.46633,54.649814,18.846746,0,5256.981,0.0
gemma4_26b_a4b,26.0,samsum,rag,sglang_radix_attention,999,43.689139,42.378465,44.999813,22.164307,37475,4162.187,17.6579
gemma4_26b_a4b,26.0,samsum,rag,sglang_radix_attention_meritkv,999,43.225084,41.928331,44.521837,23.134068,38177,4131.264,18.5325
gemma4_26b_a4b,26.0,samsum,templated,sglang_no_cache,42,54.504181,52.869056,56.139306,18.346671,0,5295.912,0.0
gemma4_26b_a4b,26.0,samsum,templated,sglang_radix_attention,42,44.45683,43.123125,45.790535,22.493063,34110,4153.518,18.4341
gemma4_26b_a4b,26.0,samsum,templated,sglang_radix_attention_meritkv,42,43.718658,42.407098,45.030218,22.87285,34691,4105.242,19.7884
gemma4_26b_a4b,26.0,samsum,templated,sglang_no_cache,123,52.920628,51.333009,54.508247,18.895662,0,5173.401,0.0
gemma4_26b_a4b,26.0,samsum,templated,sglang_radix_attention,123,43.658523,42.348767,44.968279,22.169797,34110,4103.774,17.5019
gemma4_26b_a4b,26.0,samsum,templated,sglang_radix_attention_meritkv,123,43.253239,41.955642,44.550836,23.118969,34691,4077.131,18.2677
gemma4_26b_a4b,26.0,samsum,templated,sglang_no_cache,456,52.917921,51.330383,54.505459,18.896628,0,5172.97,0.0
gemma4_26b_a4b,26.0,samsum,templated,sglang_radix_attention,456,43.662695,42.352814,44.972576,22.171485,34110,4104.034,17.4898
gemma4_26b_a4b,26.0,samsum,templated,sglang_radix_attention_meritkv,456,43.26148,41.963636,44.559324,23.114565,34691,4077.659,18.248
gemma4_26b_a4b,26.0,samsum,templated,sglang_no_cache,789,52.915208,51.327752,54.502664,18.897597,0,5172.538,0.0
gemma4_26b_a4b,26.0,samsum,templated,sglang_radix_attention,789,43.666866,42.35686,44.976872,22.173173,34110,4104.294,17.4777
gemma4_26b_a4b,26.0,samsum,templated,sglang_radix_attention_meritkv,789,43.269725,41.971633,44.567817,23.11016,34691,4078.188,18.2282
gemma4_26b_a4b,26.0,samsum,templated,sglang_no_cache,999,53.547737,51.941305,55.154169,18.674371,0,5234.262,0.0
gemma4_26b_a4b,26.0,samsum,templated,sglang_radix_attention,999,43.669496,42.359411,44.979581,22.174238,34110,4104.458,18.4475
gemma4_26b_a4b,26.0,samsum,templated,sglang_radix_attention_meritkv,999,42.939212,41.651036,44.227388,23.288044,34691,4056.434,19.8113
gemma4_26b_a4b,26.0,xsum,rag,sglang_no_cache,42,68.936747,66.868645,71.004849,14.505724,0,7475.473,0.0
gemma4_26b_a4b,26.0,xsum,rag,sglang_radix_attention,42,56.363116,54.672223,58.054009,17.741699,33318,5876.917,18.2394
gemma4_26b_a4b,26.0,xsum,rag,sglang_radix_attention_meritkv,42,55.516702,53.851201,57.182203,18.012191,33873,5815.139,19.4672
gemma4_26b_a4b,26.0,xsum,rag,sglang_no_cache,123,67.741734,65.709482,69.773986,14.761616,0,7390.681,0.0
gemma4_26b_a4b,26.0,xsum,rag,sglang_radix_attention,123,55.35101,53.69048,57.01154,17.486718,33318,5806.533,18.2911
gemma4_26b_a4b,26.0,xsum,rag,sglang_radix_attention_meritkv,123,54.496514,52.861619,56.131409,18.349384,33873,5743.818,19.5525
gemma4_26b_a4b,26.0,xsum,rag,sglang_no_cache,456,67.738364,65.706213,69.770515,14.76235,0,7390.075,0.0
gemma4_26b_a4b,26.0,xsum,rag,sglang_radix_attention,456,55.356298,53.695609,57.016987,17.48805,33318,5806.901,18.2793
gemma4_26b_a4b,26.0,xsum,rag,sglang_radix_attention_meritkv,456,54.506916,52.871709,56.142123,18.345882,33873,5744.563,19.5332
gemma4_26b_a4b,26.0,xsum,rag,sglang_no_cache,789,67.299949,65.280951,69.318947,14.858517,0,7342.009,0.0
gemma4_26b_a4b,26.0,xsum,rag,sglang_radix_attention,789,55.361586,53.700738,57.022434,17.489382,33318,5807.268,17.739
gemma4_26b_a4b,26.0,xsum,rag,sglang_radix_attention_meritkv,789,54.746957,53.104548,56.389366,18.265443,33873,5762.171,18.6523
gemma4_26b_a4b,26.0,xsum,rag,sglang_no_cache,999,67.727066,65.695254,69.758878,14.764813,0,7388.454,0.0
gemma4_26b_a4b,26.0,xsum,rag,sglang_radix_attention,999,55.364921,53.703973,57.025869,17.490222,33318,5807.5,18.2529
gemma4_26b_a4b,26.0,xsum,rag,sglang_radix_attention_meritkv,999,54.52694,52.891132,56.162748,18.339145,33873,5746.003,19.4902
gemma4_26b_a4b,26.0,xsum,templated,sglang_no_cache,42,68.455655,66.401985,70.509325,14.607659,0,7390.288,0.0
gemma4_26b_a4b,26.0,xsum,templated,sglang_radix_attention,42,56.133882,54.449866,57.817898,17.81414,29970,5826.983,17.9996
gemma4_26b_a4b,26.0,xsum,templated,sglang_radix_attention_meritkv,42,55.405488,53.743323,57.067653,18.048335,30419,5774.055,19.0637
gemma4_26b_a4b,26.0,xsum,templated,sglang_no_cache,123,67.269108,65.251035,69.287181,14.86532,0,7306.475,0.0
gemma4_26b_a4b,26.0,xsum,templated,sglang_radix_attention,123,55.125892,53.472115,56.779669,17.558118,29970,5757.197,18.0517
gemma4_26b_a4b,26.0,xsum,templated,sglang_radix_attention_meritkv,123,54.387659,52.756029,56.019289,18.386098,30419,5703.261,19.1491
gemma4_26b_a4b,26.0,xsum,templated,sglang_no_cache,456,67.265727,65.247755,69.283699,14.866067,0,7305.873,0.0
gemma4_26b_a4b,26.0,xsum,templated,sglang_radix_attention,456,55.131159,53.477224,56.785094,17.559455,29970,5757.562,18.0397
gemma4_26b_a4b,26.0,xsum,templated,sglang_radix_attention_meritkv,456,54.397972,52.766033,56.029911,18.382612,30419,5703.996,19.1297
gemma4_26b_a4b,26.0,xsum,templated,sglang_no_cache,789,66.829082,64.82421,68.833954,14.963199,0,7258.214,0.0
gemma4_26b_a4b,26.0,xsum,templated,sglang_radix_attention,789,55.136425,53.482332,56.790518,17.560792,29970,5757.926,17.4964
gemma4_26b_a4b,26.0,xsum,templated,sglang_radix_attention_meritkv,789,54.634306,52.995277,56.273335,18.303094,30419,5721.253,18.2477
gemma4_26b_a4b,26.0,xsum,templated,sglang_no_cache,999,67.254451,65.236817,69.272085,14.86856,0,7304.264,0.0
gemma4_26b_a4b,26.0,xsum,templated,sglang_radix_attention,999,55.139746,53.485554,56.793938,17.561636,29970,5758.156,18.0132
gemma4_26b_a4b,26.0,xsum,templated,sglang_radix_attention_meritkv,999,54.417794,52.78526,56.050328,18.375916,30419,5705.414,19.0867
gemma4_31b,31.0,ag_news,rag,sglang_no_cache,42,109.673524,106.383318,112.96373,9.117834,0,15053.597,0.0
gemma4_31b,31.0,ag_news,rag,sglang_radix_attention,42,89.950978,87.252449,92.649507,11.116999,30787,11871.649,17.983
gemma4_31b,31.0,ag_news,rag,sglang_radix_attention_meritkv,42,88.176112,85.530829,90.821395,11.340769,31260,11707.677,19.6013
gemma4_31b,31.0,ag_news,rag,sglang_no_cache,123,108.467962,105.213923,111.722001,9.219173,0,14978.91,0.0
gemma4_31b,31.0,ag_news,rag,sglang_radix_attention,123,88.335991,85.685911,90.986071,10.957227,30787,11729.47,18.5603
gemma4_31b,31.0,ag_news,rag,sglang_radix_attention_meritkv,123,85.926502,83.348707,88.504297,11.637678,31260,11505.603,20.7817
gemma4_31b,31.0,ag_news,rag,sglang_no_cache,456,107.767236,104.534219,111.000253,9.279118,0,14881.664,0.0
gemma4_31b,31.0,ag_news,rag,sglang_radix_attention,456,88.344431,85.694098,90.994764,10.958062,30787,11730.213,18.0229
gemma4_31b,31.0,ag_news,rag,sglang_radix_attention_meritkv,456,86.553742,83.95713,89.150354,11.553341,31260,11563.867,19.6845
gemma4_31b,31.0,ag_news,rag,sglang_no_cache,789,107.761786,104.528932,110.99464,9.279588,0,14880.432,0.0
gemma4_31b,31.0,ag_news,rag,sglang_radix_attention,789,88.35287,85.702284,91.003456,10.958896,30787,11730.955,18.0109
gemma4_31b,31.0,ag_news,rag,sglang_radix_attention_meritkv,789,86.575717,83.978445,89.172989,11.550409,31260,11565.873,19.6601
gemma4_31b,31.0,ag_news,rag,sglang_no_cache,999,108.444561,105.191224,111.697898,9.221163,0,14974.409,0.0
gemma4_31b,31.0,ag_news,rag,sglang_radix_attention,999,88.358192,85.707446,91.008938,10.959422,30787,11731.424,18.5222
gemma4_31b,31.0,ag_news,rag,sglang_radix_attention_meritkv,999,85.9922,83.412434,88.571966,11.628786,31260,11511.618,20.704
gemma4_31b,31.0,ag_news,templated,sglang_no_cache,42,109.345064,106.064712,112.625416,9.145203,0,15035.954,0.0
gemma4_31b,31.0,ag_news,templated,sglang_radix_attention,42,89.945802,87.247428,92.644176,11.117615,28193,11892.67,17.7413
gemma4_31b,31.0,ag_news,templated,sglang_radix_attention_meritkv,42,88.465157,85.811202,91.119112,11.303691,28590,11755.63,19.0954
gemma4_31b,31.0,ag_news,templated,sglang_no_cache,123,108.145358,104.900997,111.389719,9.246655,0,14961.665,0.0
gemma4_31b,31.0,ag_news,templated,sglang_radix_attention,123,88.330908,85.680981,90.980835,10.957835,28193,11750.239,18.3221
gemma4_31b,31.0,ag_news,templated,sglang_radix_attention_meritkv,123,86.216484,83.629989,88.802979,11.598511,28590,11553.439,20.2772
gemma4_31b,31.0,ag_news,templated,sglang_no_cache,456,107.444632,104.221293,110.667971,9.306959,0,14864.242,0.0
gemma4_31b,31.0,ag_news,templated,sglang_radix_attention,456,88.339347,85.689167,90.989527,10.958669,28193,11750.983,17.7815
gemma4_31b,31.0,ag_news,templated,sglang_radix_attention_meritkv,456,86.838061,84.232919,89.443203,11.51549,28590,11611.282,19.1788
gemma4_31b,31.0,ag_news,templated,sglang_no_cache,789,107.439163,104.215988,110.662338,9.307433,0,14863.007,0.0
gemma4_31b,31.0,ag_news,templated,sglang_radix_attention,789,88.347786,85.697352,90.99822,10.959504,28193,11751.727,17.7695
gemma4_31b,31.0,ag_news,templated,sglang_radix_attention_meritkv,789,86.859927,84.254129,89.465725,11.512591,28590,11613.28,19.1543
gemma4_31b,31.0,ag_news,templated,sglang_no_cache,999,108.121879,104.878223,111.365535,9.248663,0,14957.149,0.0
gemma4_31b,31.0,ag_news,templated,sglang_radix_attention,999,88.353108,85.702515,91.003701,10.96003,28193,11752.196,18.2838
gemma4_31b,31.0,ag_news,templated,sglang_radix_attention_meritkv,999,86.281849,83.693394,88.870304,11.589724,28590,11559.431,20.1995
gemma4_31b,31.0,daily_dialog,rag,sglang_no_cache,42,111.748383,108.395932,115.100834,8.948524,0,15469.557,0.0
gemma4_31b,31.0,daily_dialog,rag,sglang_radix_attention,42,92.014045,89.253624,94.774466,10.867722,37954,12247.781,17.6596
gemma4_31b,31.0,daily_dialog,rag,sglang_radix_attention_meritkv,42,90.545782,87.829409,93.262155,11.04395,38674,12110.975,18.9735
gemma4_31b,31.0,daily_dialog,rag,sglang_no_cache,123,109.811849,106.517494,113.106204,9.106331,0,15294.176,0.0
gemma4_31b,31.0,daily_dialog,rag,sglang_radix_attention,123,90.362018,87.651157,93.072879,10.711533,37954,12101.097,17.712
gemma4_31b,31.0,daily_dialog,rag,sglang_radix_attention_meritkv,123,88.855936,86.190258,91.521614,11.253982,38674,11960.006,19.0835
gemma4_31b,31.0,daily_dialog,rag,sglang_no_cache,456,110.419056,107.106484,113.731628,9.056254,0,15378.249,0.0
gemma4_31b,31.0,daily_dialog,rag,sglang_radix_attention,456,90.370651,87.659531,93.081771,10.712349,37954,12101.864,18.1567
gemma4_31b,31.0,daily_dialog,rag,sglang_radix_attention_meritkv,456,88.331825,85.68187,90.98178,11.320756,38674,11910.837,20.0031
gemma4_31b,31.0,daily_dialog,rag,sglang_no_cache,789,110.413509,107.101104,113.725914,9.056709,0,15376.981,0.0
gemma4_31b,31.0,daily_dialog,rag,sglang_radix_attention,789,90.379284,87.667905,93.090663,10.713164,37954,12102.63,18.1447
gemma4_31b,31.0,daily_dialog,rag,sglang_radix_attention_meritkv,789,88.354629,85.70399,91.005268,11.317834,38674,11912.938,19.9784
gemma4_31b,31.0,daily_dialog,rag,sglang_no_cache,999,109.787624,106.493995,113.081253,9.108341,0,15289.505,0.0
gemma4_31b,31.0,daily_dialog,rag,sglang_radix_attention,999,90.384728,87.673186,93.09627,10.713679,37954,12103.113,17.6731
gemma4_31b,31.0,daily_dialog,rag,sglang_radix_attention_meritkv,999,88.924523,86.256787,91.592259,11.245301,38674,11966.334,19.0031
gemma4_31b,31.0,daily_dialog,templated,sglang_no_cache,42,113.231732,109.83478,116.628684,8.831298,0,15453.243,0.0
gemma4_31b,31.0,daily_dialog,templated,sglang_radix_attention,42,92.393215,89.621419,95.165011,10.823124,34581,12124.343,18.4034
gemma4_31b,31.0,daily_dialog,templated,sglang_radix_attention_meritkv,42,90.033655,87.332645,92.734665,11.106771,35178,11907.599,20.4873
gemma4_31b,31.0,daily_dialog,templated,sglang_no_cache,123,111.268833,107.930768,114.606898,8.987092,0,15277.956,0.0
gemma4_31b,31.0,daily_dialog,templated,sglang_radix_attention,123,90.73438,88.012349,93.456411,10.667576,34581,11979.138,18.4548
gemma4_31b,31.0,daily_dialog,templated,sglang_radix_attention_meritkv,123,88.353495,85.70289,91.0041,11.317982,35178,11759.195,20.5946
gemma4_31b,31.0,daily_dialog,templated,sglang_no_cache,456,110.549068,107.232596,113.86554,9.045605,0,15178.638,0.0
gemma4_31b,31.0,daily_dialog,templated,sglang_radix_attention,456,90.743049,88.020758,93.46534,10.668388,34581,11979.896,17.916
gemma4_31b,31.0,daily_dialog,templated,sglang_radix_attention_meritkv,456,89.006285,86.336096,91.676474,11.234973,35178,11819.487,19.4871
gemma4_31b,31.0,daily_dialog,templated,sglang_no_cache,789,110.543467,107.227163,113.859771,9.046064,0,15177.38,0.0
gemma4_31b,31.0,daily_dialog,templated,sglang_radix_attention,789,90.751717,88.029165,93.474269,10.669201,34581,11980.655,17.904
gemma4_31b,31.0,daily_dialog,templated,sglang_radix_attention_meritkv,789,89.029046,86.358175,91.699917,11.232101,35178,11821.552,19.4624
gemma4_31b,31.0,daily_dialog,templated,sglang_no_cache,999,111.244771,107.907428,114.582114,8.989036,0,15273.357,0.0
gemma4_31b,31.0,daily_dialog,templated,sglang_radix_attention,999,90.757184,88.034468,93.4799,10.669713,34581,11981.133,18.4167
gemma4_31b,31.0,daily_dialog,templated,sglang_radix_attention_meritkv,999,88.421598,85.76895,91.074246,11.309264,35178,11765.394,20.5162
gemma4_31b,31.0,dolly,rag,sglang_no_cache,42,112.668568,109.288511,116.048625,8.875442,0,15886.61,0.0
gemma4_31b,31.0,dolly,rag,sglang_radix_attention,42,92.662748,89.882866,95.44263,10.791644,33578,12563.201,17.7563
gemma4_31b,31.0,dolly,rag,sglang_radix_attention_meritkv,42,91.090044,88.357343,93.822745,10.977966,34141,12413.942,19.1522
gemma4_31b,31.0,dolly,rag,sglang_no_cache,123,110.716003,107.394523,114.037483,9.031968,0,15706.489,0.0
gemma4_31b,31.0,dolly,rag,sglang_radix_attention,123,90.999074,88.269102,93.729046,10.636548,33578,12412.74,17.8086
gemma4_31b,31.0,dolly,rag,sglang_radix_attention_meritkv,123,89.390935,86.709207,92.072663,11.186631,34141,12259.284,19.2611
gemma4_31b,31.0,dolly,rag,sglang_no_cache,456,110.710373,107.389062,114.031684,9.032427,0,15705.184,0.0
gemma4_31b,31.0,dolly,rag,sglang_radix_attention,456,91.007768,88.277535,93.738001,10.637358,33578,12413.526,17.7965
gemma4_31b,31.0,dolly,rag,sglang_radix_attention_meritkv,456,89.413723,86.731311,92.096135,11.18378,34141,12261.421,19.2364
gemma4_31b,31.0,dolly,rag,sglang_no_cache,789,111.32193,107.982272,114.661588,8.982807,0,15791.43,0.0
gemma4_31b,31.0,dolly,rag,sglang_radix_attention,789,91.016462,88.285968,93.746956,10.638168,33578,12414.312,18.2403
gemma4_31b,31.0,dolly,rag,sglang_radix_attention_meritkv,789,88.893936,86.227118,91.560754,11.249174,34141,12211.753,20.147
gemma4_31b,31.0,dolly,rag,sglang_no_cache,999,110.69165,107.3709,114.0124,9.033955,0,15701.703,0.0
gemma4_31b,31.0,dolly,rag,sglang_radix_attention,999,91.021944,88.291286,93.752602,10.638679,33578,12414.807,17.7698
gemma4_31b,31.0,dolly,rag,sglang_radix_attention_meritkv,999,89.459272,86.775494,92.14305,11.178085,34141,12265.705,19.1816
gemma4_31b,31.0,dolly,templated,sglang_no_cache,42,112.97986,109.590464,116.369256,8.850983,0,15952.031,0.0
gemma4_31b,31.0,dolly,templated,sglang_radix_attention,42,92.080379,89.317968,94.84279,10.85989,29429,12501.114,18.4984
gemma4_31b,31.0,dolly,templated,sglang_radix_attention_meritkv,42,89.657039,86.967328,92.34675,11.153422,29862,12270.814,20.6433
gemma4_31b,31.0,dolly,templated,sglang_no_cache,123,111.021255,107.690617,114.351893,9.007129,0,15771.076,0.0
gemma4_31b,31.0,dolly,templated,sglang_radix_attention,123,90.427161,87.714346,93.139976,10.703814,29429,12351.396,18.5497
gemma4_31b,31.0,dolly,templated,sglang_radix_attention_meritkv,123,87.984971,85.345422,90.62452,11.365382,29862,12117.986,20.7494
gemma4_31b,31.0,dolly,templated,sglang_no_cache,456,111.015756,107.685283,114.346229,9.007575,0,15769.787,0.0
gemma4_31b,31.0,dolly,templated,sglang_radix_attention,456,90.4358,87.722726,93.148874,10.704629,29429,12352.178,18.5379
gemma4_31b,31.0,dolly,templated,sglang_radix_attention_meritkv,456,88.00733,85.36711,90.64755,11.362494,29862,12120.087,20.7254
gemma4_31b,31.0,dolly,templated,sglang_no_cache,789,110.298359,106.989408,113.60731,9.066162,0,15667.376,0.0
gemma4_31b,31.0,dolly,templated,sglang_radix_attention,789,90.444439,87.731106,93.157772,10.705444,29429,12352.96,18.0002
gemma4_31b,31.0,dolly,templated,sglang_radix_attention_meritkv,789,88.646456,85.987062,91.30585,11.280573,29862,12181.156,19.6303
gemma4_31b,31.0,dolly,templated,sglang_no_cache,999,110.997307,107.667388,114.327226,9.009073,0,15766.338,0.0
gemma4_31b,31.0,dolly,templated,sglang_radix_attention,999,90.449888,87.736391,93.163385,10.705958,29429,12353.453,18.5116
gemma4_31b,31.0,dolly,templated,sglang_radix_attention_meritkv,999,88.052006,85.410446,90.693566,11.356729,29862,12124.299,20.6719
gemma4_31b,31.0,samsum,rag,sglang_no_cache,42,120.116709,116.513208,123.72021,8.325097,0,17772.029,0.0
gemma4_31b,31.0,samsum,rag,sglang_radix_attention,42,98.566272,95.609284,101.52326,10.145289,37469,14022.601,17.9412
gemma4_31b,31.0,samsum,rag,sglang_radix_attention_meritkv,42,96.629999,93.731099,99.528899,10.34858,38170,13829.775,19.5532
gemma4_31b,31.0,samsum,rag,sglang_no_cache,123,118.034896,114.493849,121.575943,8.471929,0,17570.505,0.0
gemma4_31b,31.0,samsum,rag,sglang_radix_attention,123,96.796606,93.892708,99.700504,9.999483,37469,13854.662,17.9932
gemma4_31b,31.0,samsum,rag,sglang_radix_attention_meritkv,123,94.826463,91.981669,97.671257,10.545404,38170,13657.375,19.6623
gemma4_31b,31.0,samsum,rag,sglang_no_cache,456,118.028922,114.488054,121.56979,8.472358,0,17569.05,0.0
gemma4_31b,31.0,samsum,rag,sglang_radix_attention,456,96.805854,93.901678,99.71003,10.000244,37469,13855.539,17.9812
gemma4_31b,31.0,samsum,rag,sglang_radix_attention_meritkv,456,94.850894,92.005367,97.696421,10.542687,38170,13659.779,19.6376
gemma4_31b,31.0,samsum,rag,sglang_no_cache,789,118.679477,115.119093,122.239861,8.425916,0,17665.318,0.0
gemma4_31b,31.0,samsum,rag,sglang_radix_attention,789,96.815101,93.910648,99.719554,10.001006,37469,13856.416,18.423
gemma4_31b,31.0,samsum,rag,sglang_radix_attention_meritkv,789,94.290317,91.461607,97.119027,10.605366,38170,13603.574,20.5504
gemma4_31b,31.0,samsum,rag,sglang_no_cache,999,118.009047,114.468776,121.549318,8.473785,0,17565.168,0.0
gemma4_31b,31.0,samsum,rag,sglang_radix_attention,999,96.820933,93.916305,99.725561,10.001486,37469,13856.969,17.9547
gemma4_31b,31.0,samsum,rag,sglang_radix_attention_meritkv,999,94.899762,92.052769,97.746755,10.537258,38170,13664.605,19.5826
gemma4_31b,31.0,samsum,templated,sglang_no_cache,42,120.40176,116.789707,124.013813,8.305393,0,17731.801,0.0
gemma4_31b,31.0,samsum,templated,sglang_radix_attention,42,98.396678,95.444778,101.348578,10.162782,34104,13933.721,18.2764
gemma4_31b,31.0,samsum,templated,sglang_radix_attention_meritkv,42,96.05308,93.171488,98.934672,10.410744,34685,13701.411,20.2229
gemma4_31b,31.0,samsum,templated,sglang_no_cache,123,118.314695,114.765254,121.864136,8.4519,0,17530.687,0.0
gemma4_31b,31.0,samsum,templated,sglang_radix_attention,123,96.630057,93.731155,99.528959,10.016724,34104,13766.846,18.3279
gemma4_31b,31.0,samsum,templated,sglang_radix_attention_meritkv,123,94.260808,91.432984,97.088632,10.608693,34685,13530.669,20.3304
gemma4_31b,31.0,samsum,templated,sglang_no_cache,456,117.548133,114.021689,121.074577,8.507017,0,17416.544,0.0
gemma4_31b,31.0,samsum,templated,sglang_radix_attention,456,96.639289,93.74011,99.538468,10.017487,34104,13767.718,17.7875
gemma4_31b,31.0,samsum,templated,sglang_radix_attention_meritkv,456,94.954901,92.106254,97.803548,10.531147,34685,13599.847,19.2204
gemma4_31b,31.0,samsum,templated,sglang_no_cache,789,117.54215,114.015886,121.068415,8.50745,0,17415.097,0.0
gemma4_31b,31.0,samsum,templated,sglang_radix_attention,789,96.64852,93.749064,99.547976,10.01825,34104,13768.589,17.7754
gemma4_31b,31.0,samsum,templated,sglang_radix_attention_meritkv,789,94.979131,92.129757,97.828505,10.52846,34685,13602.219,19.1957
gemma4_31b,31.0,samsum,templated,sglang_no_cache,999,118.289012,114.740342,121.837682,8.453735,0,17525.396,0.0
gemma4_31b,31.0,samsum,templated,sglang_radix_attention,999,96.654342,93.754712,99.553972,10.018731,34104,13769.139,18.2897
gemma4_31b,31.0,samsum,templated,sglang_radix_attention_meritkv,999,94.333307,91.503308,97.163306,10.60054,34685,13537.789,20.2518
gemma4_31b,31.0,xsum,rag,sglang_no_cache,42,150.148494,145.644039,154.652949,6.660003,0,23883.596,0.0
gemma4_31b,31.0,xsum,rag,sglang_radix_attention,42,122.396039,118.724158,126.06792,8.170113,33288,18720.298,18.4833
gemma4_31b,31.0,xsum,rag,sglang_radix_attention_meritkv,42,119.155187,115.580531,122.729843,8.392329,33842,18373.319,20.6418
gemma4_31b,31.0,xsum,rag,sglang_no_cache,123,147.545554,143.119187,151.971921,6.777496,0,23612.67,0.0
gemma4_31b,31.0,xsum,rag,sglang_radix_attention,123,120.198531,116.592575,123.804487,8.052694,33288,18496.097,18.5346
gemma4_31b,31.0,xsum,rag,sglang_radix_attention_meritkv,123,116.931858,113.423902,120.439814,8.551899,33842,18144.366,20.7486
gemma4_31b,31.0,xsum,rag,sglang_no_cache,456,147.538243,143.112096,151.96439,6.777832,0,23610.739,0.0
gemma4_31b,31.0,xsum,rag,sglang_radix_attention,456,120.210015,116.603715,123.816315,8.053307,33288,18497.268,18.5228
gemma4_31b,31.0,xsum,rag,sglang_radix_attention_meritkv,456,116.96183,113.452975,120.470685,8.549708,33842,18147.539,20.7244
gemma4_31b,31.0,xsum,rag,sglang_no_cache,789,146.584654,142.187114,150.982194,6.821925,0,23457.379,0.0
gemma4_31b,31.0,xsum,rag,sglang_radix_attention,789,120.221498,116.614853,123.828143,8.05392,33288,18498.439,17.9849
gemma4_31b,31.0,xsum,rag,sglang_radix_attention_meritkv,789,117.822843,114.288158,121.357528,8.487229,33842,18240.224,19.6213
gemma4_31b,31.0,xsum,rag,sglang_no_cache,999,147.513715,143.088304,151.939126,6.778959,0,23605.574,0.0
gemma4_31b,31.0,xsum,rag,sglang_radix_attention,999,120.22874,116.621878,123.835602,8.054307,33288,18499.178,18.4966
gemma4_31b,31.0,xsum,rag,sglang_radix_attention_meritkv,999,117.021774,113.511121,120.532427,8.545328,33842,18153.907,20.6706
gemma4_31b,31.0,xsum,templated,sglang_no_cache,42,147.348506,142.928051,151.768961,6.786544,0,23413.692,0.0
gemma4_31b,31.0,xsum,templated,sglang_radix_attention,42,121.06641,117.434418,124.698402,8.259823,29940,18497.562,17.8367
gemma4_31b,31.0,xsum,templated,sglang_radix_attention_meritkv,42,118.912808,115.345424,122.480192,8.409415,30388,18267.23,19.2983
gemma4_31b,31.0,xsum,templated,sglang_no_cache,123,144.794827,140.450982,149.138672,6.906235,0,23148.212,0.0
gemma4_31b,31.0,xsum,templated,sglang_radix_attention,123,118.892775,115.325992,122.459558,8.141114,29940,18276.029,17.8888
gemma4_31b,31.0,xsum,templated,sglang_radix_attention_meritkv,123,116.695704,113.194833,120.196575,8.569185,30388,18039.757,19.4062
gemma4_31b,31.0,xsum,templated,sglang_no_cache,456,145.593797,141.225983,149.961611,6.868336,0,23275.193,0.0
gemma4_31b,31.0,xsum,templated,sglang_radix_attention,456,118.904133,115.337009,122.471257,8.141734,29940,18277.186,18.3316
gemma4_31b,31.0,xsum,templated,sglang_radix_attention_meritkv,456,116.025403,112.544641,119.506165,8.618691,30388,17967.575,20.3088
gemma4_31b,31.0,xsum,templated,sglang_no_cache,789,145.586528,141.218932,149.954124,6.868679,0,23273.281,0.0
gemma4_31b,31.0,xsum,templated,sglang_radix_attention,789,118.915492,115.348027,122.482957,8.142354,29940,18278.343,18.3197
gemma4_31b,31.0,xsum,templated,sglang_radix_attention_meritkv,789,116.054867,112.573221,119.536513,8.616503,30388,17970.69,20.2846
gemma4_31b,31.0,xsum,templated,sglang_no_cache,999,144.763045,140.420154,149.105936,6.907751,0,23141.169,0.0
gemma4_31b,31.0,xsum,templated,sglang_radix_attention,999,118.922655,115.354975,122.490335,8.142745,29940,18279.073,17.8501
gemma4_31b,31.0,xsum,templated,sglang_radix_attention_meritkv,999,116.784203,113.280677,120.287729,8.562692,30388,18049.128,19.3273
